affirmer|verb|					
https://www.cnrtl.fr/definition/2625					
http://kaiko.getalp.org/dbnary/fra/affirmer__verb__1					
	I._A._1.UND-1	"Rendre ferme, consolider"		(Logique) Exprimer qu’une chose est certaine.	http://kaiko.getalp.org/dbnary/fra/__ws_1a_affirmer__verb__1
	I._A._1.UND-1	"Rendre ferme, consolider"		"Assurer, soutenir qu’une chose est vraie."	http://kaiko.getalp.org/dbnary/fra/__ws_1_affirmer__verb__1
	I._A._1.UND-1	"Rendre ferme, consolider"		(Justice) Assurer avec serment.	http://kaiko.getalp.org/dbnary/fra/__ws_2_affirmer__verb__1
	I._A._1.UND-1	"Rendre ferme, consolider"		Assurer fermement.	http://kaiko.getalp.org/dbnary/fra/__ws_3_affirmer__verb__1
	I._A._1.UND-1	"Rendre ferme, consolider"		Rendre plus ferme.	http://kaiko.getalp.org/dbnary/fra/__ws_4_affirmer__verb__1
	I._A._1.UND-1	"Rendre ferme, consolider"		"(Pronominal) Se manifester clairement, nettement."	http://kaiko.getalp.org/dbnary/fra/__ws_5_affirmer__verb__1
	I._A._1.b)UND-2	Rendre (plus) précis ou plus tranché.		(Logique) Exprimer qu’une chose est certaine.	http://kaiko.getalp.org/dbnary/fra/__ws_1a_affirmer__verb__1
	I._A._1.b)UND-2	Rendre (plus) précis ou plus tranché.		"Assurer, soutenir qu’une chose est vraie."	http://kaiko.getalp.org/dbnary/fra/__ws_1_affirmer__verb__1
	I._A._1.b)UND-2	Rendre (plus) précis ou plus tranché.		(Justice) Assurer avec serment.	http://kaiko.getalp.org/dbnary/fra/__ws_2_affirmer__verb__1
	I._A._1.b)UND-2	Rendre (plus) précis ou plus tranché.		Assurer fermement.	http://kaiko.getalp.org/dbnary/fra/__ws_3_affirmer__verb__1
	I._A._1.b)UND-2	Rendre (plus) précis ou plus tranché.		Rendre plus ferme.	http://kaiko.getalp.org/dbnary/fra/__ws_4_affirmer__verb__1
	I._A._1.b)UND-2	Rendre (plus) précis ou plus tranché.		"(Pronominal) Se manifester clairement, nettement."	http://kaiko.getalp.org/dbnary/fra/__ws_5_affirmer__verb__1
	I._B._2.UND-11	"Présenter (énergiquement ou nettement) une chose, un fait, une déclaration, etc., comme vrai (conforme à la réalité) ou comme authentique (d'une réalité contrôlée)."		(Logique) Exprimer qu’une chose est certaine.	http://kaiko.getalp.org/dbnary/fra/__ws_1a_affirmer__verb__1
	I._B._2.UND-11	"Présenter (énergiquement ou nettement) une chose, un fait, une déclaration, etc., comme vrai (conforme à la réalité) ou comme authentique (d'une réalité contrôlée)."		"Assurer, soutenir qu’une chose est vraie."	http://kaiko.getalp.org/dbnary/fra/__ws_1_affirmer__verb__1
	I._B._2.UND-11	"Présenter (énergiquement ou nettement) une chose, un fait, une déclaration, etc., comme vrai (conforme à la réalité) ou comme authentique (d'une réalité contrôlée)."		(Justice) Assurer avec serment.	http://kaiko.getalp.org/dbnary/fra/__ws_2_affirmer__verb__1
	I._B._2.UND-11	"Présenter (énergiquement ou nettement) une chose, un fait, une déclaration, etc., comme vrai (conforme à la réalité) ou comme authentique (d'une réalité contrôlée)."		Assurer fermement.	http://kaiko.getalp.org/dbnary/fra/__ws_3_affirmer__verb__1
	I._B._2.UND-11	"Présenter (énergiquement ou nettement) une chose, un fait, une déclaration, etc., comme vrai (conforme à la réalité) ou comme authentique (d'une réalité contrôlée)."		Rendre plus ferme.	http://kaiko.getalp.org/dbnary/fra/__ws_4_affirmer__verb__1
	I._B._2.UND-11	"Présenter (énergiquement ou nettement) une chose, un fait, une déclaration, etc., comme vrai (conforme à la réalité) ou comme authentique (d'une réalité contrôlée)."		"(Pronominal) Se manifester clairement, nettement."	http://kaiko.getalp.org/dbnary/fra/__ws_5_affirmer__verb__1
	I._B._2.a)UND-10	Énoncer un jugement positif		(Logique) Exprimer qu’une chose est certaine.	http://kaiko.getalp.org/dbnary/fra/__ws_1a_affirmer__verb__1
	I._B._2.a)UND-10	Énoncer un jugement positif		"Assurer, soutenir qu’une chose est vraie."	http://kaiko.getalp.org/dbnary/fra/__ws_1_affirmer__verb__1
	I._B._2.a)UND-10	Énoncer un jugement positif		(Justice) Assurer avec serment.	http://kaiko.getalp.org/dbnary/fra/__ws_2_affirmer__verb__1
	I._B._2.a)UND-10	Énoncer un jugement positif		Assurer fermement.	http://kaiko.getalp.org/dbnary/fra/__ws_3_affirmer__verb__1
	I._B._2.a)UND-10	Énoncer un jugement positif		Rendre plus ferme.	http://kaiko.getalp.org/dbnary/fra/__ws_4_affirmer__verb__1
	I._B._2.a)UND-10	Énoncer un jugement positif		"(Pronominal) Se manifester clairement, nettement."	http://kaiko.getalp.org/dbnary/fra/__ws_5_affirmer__verb__1
	I._B._2.a)UND-7	Exprimer nettement		(Logique) Exprimer qu’une chose est certaine.	http://kaiko.getalp.org/dbnary/fra/__ws_1a_affirmer__verb__1
	I._B._2.a)UND-7	Exprimer nettement		"Assurer, soutenir qu’une chose est vraie."	http://kaiko.getalp.org/dbnary/fra/__ws_1_affirmer__verb__1
	I._B._2.a)UND-7	Exprimer nettement		(Justice) Assurer avec serment.	http://kaiko.getalp.org/dbnary/fra/__ws_2_affirmer__verb__1
	I._B._2.a)UND-7	Exprimer nettement		Assurer fermement.	http://kaiko.getalp.org/dbnary/fra/__ws_3_affirmer__verb__1
	I._B._2.a)UND-7	Exprimer nettement		Rendre plus ferme.	http://kaiko.getalp.org/dbnary/fra/__ws_4_affirmer__verb__1
	I._B._2.a)UND-7	Exprimer nettement		"(Pronominal) Se manifester clairement, nettement."	http://kaiko.getalp.org/dbnary/fra/__ws_5_affirmer__verb__1
	I._B._2.a)UND-9	Formuler énergiquement ou nettement une vérité (positive ou négative)		(Logique) Exprimer qu’une chose est certaine.	http://kaiko.getalp.org/dbnary/fra/__ws_1a_affirmer__verb__1
	I._B._2.a)UND-9	Formuler énergiquement ou nettement une vérité (positive ou négative)		"Assurer, soutenir qu’une chose est vraie."	http://kaiko.getalp.org/dbnary/fra/__ws_1_affirmer__verb__1
	I._B._2.a)UND-9	Formuler énergiquement ou nettement une vérité (positive ou négative)		(Justice) Assurer avec serment.	http://kaiko.getalp.org/dbnary/fra/__ws_2_affirmer__verb__1
	I._B._2.a)UND-9	Formuler énergiquement ou nettement une vérité (positive ou négative)		Assurer fermement.	http://kaiko.getalp.org/dbnary/fra/__ws_3_affirmer__verb__1
	I._B._2.a)UND-9	Formuler énergiquement ou nettement une vérité (positive ou négative)		Rendre plus ferme.	http://kaiko.getalp.org/dbnary/fra/__ws_4_affirmer__verb__1
	I._B._2.a)UND-9	Formuler énergiquement ou nettement une vérité (positive ou négative)		"(Pronominal) Se manifester clairement, nettement."	http://kaiko.getalp.org/dbnary/fra/__ws_5_affirmer__verb__1
	I._B._UND-6	Présenter nettement une chose comme bonne		(Logique) Exprimer qu’une chose est certaine.	http://kaiko.getalp.org/dbnary/fra/__ws_1a_affirmer__verb__1
	I._B._UND-6	Présenter nettement une chose comme bonne		"Assurer, soutenir qu’une chose est vraie."	http://kaiko.getalp.org/dbnary/fra/__ws_1_affirmer__verb__1
	I._B._UND-6	Présenter nettement une chose comme bonne		(Justice) Assurer avec serment.	http://kaiko.getalp.org/dbnary/fra/__ws_2_affirmer__verb__1
	I._B._UND-6	Présenter nettement une chose comme bonne		Assurer fermement.	http://kaiko.getalp.org/dbnary/fra/__ws_3_affirmer__verb__1
	I._B._UND-6	Présenter nettement une chose comme bonne		Rendre plus ferme.	http://kaiko.getalp.org/dbnary/fra/__ws_4_affirmer__verb__1
	I._B._UND-6	Présenter nettement une chose comme bonne		"(Pronominal) Se manifester clairement, nettement."	http://kaiko.getalp.org/dbnary/fra/__ws_5_affirmer__verb__1
	II._A._2.UND-21	Se manifester et s'imposer avec vigueur		(Logique) Exprimer qu’une chose est certaine.	http://kaiko.getalp.org/dbnary/fra/__ws_1a_affirmer__verb__1
	II._A._2.UND-21	Se manifester et s'imposer avec vigueur		"Assurer, soutenir qu’une chose est vraie."	http://kaiko.getalp.org/dbnary/fra/__ws_1_affirmer__verb__1
	II._A._2.UND-21	Se manifester et s'imposer avec vigueur		(Justice) Assurer avec serment.	http://kaiko.getalp.org/dbnary/fra/__ws_2_affirmer__verb__1
	II._A._2.UND-21	Se manifester et s'imposer avec vigueur		Assurer fermement.	http://kaiko.getalp.org/dbnary/fra/__ws_3_affirmer__verb__1
	II._A._2.UND-21	Se manifester et s'imposer avec vigueur		Rendre plus ferme.	http://kaiko.getalp.org/dbnary/fra/__ws_4_affirmer__verb__1
	II._A._2.UND-21	Se manifester et s'imposer avec vigueur		"(Pronominal) Se manifester clairement, nettement."	http://kaiko.getalp.org/dbnary/fra/__ws_5_affirmer__verb__1
	II._A._UND-20	Prendre une forme nette et la manifester.		(Logique) Exprimer qu’une chose est certaine.	http://kaiko.getalp.org/dbnary/fra/__ws_1a_affirmer__verb__1
	II._A._UND-20	Prendre une forme nette et la manifester.		"Assurer, soutenir qu’une chose est vraie."	http://kaiko.getalp.org/dbnary/fra/__ws_1_affirmer__verb__1
	II._A._UND-20	Prendre une forme nette et la manifester.		(Justice) Assurer avec serment.	http://kaiko.getalp.org/dbnary/fra/__ws_2_affirmer__verb__1
	II._A._UND-20	Prendre une forme nette et la manifester.		Assurer fermement.	http://kaiko.getalp.org/dbnary/fra/__ws_3_affirmer__verb__1
	II._A._UND-20	Prendre une forme nette et la manifester.		Rendre plus ferme.	http://kaiko.getalp.org/dbnary/fra/__ws_4_affirmer__verb__1
	II._A._UND-20	Prendre une forme nette et la manifester.		"(Pronominal) Se manifester clairement, nettement."	http://kaiko.getalp.org/dbnary/fra/__ws_5_affirmer__verb__1
monologue|noun|masculine					
https://www.cnrtl.fr/definition/54218					
http://kaiko.getalp.org/dbnary/fra/monologue__nom__1					
	A._UND-1	Discours qu'un personnage seul en scène se tient à lui-même.		Scène dite par un seul personnage.	http://kaiko.getalp.org/dbnary/fra/__ws_2_monologue__nom__1
	A._UND-1	Discours qu'un personnage seul en scène se tient à lui-même.		(Théâtre) Scène d’une pièce de théâtre où un personnage est seul et se parle à lui-même.	http://kaiko.getalp.org/dbnary/fra/__ws_1_monologue__nom__1
	A._UND-1	Discours qu'un personnage seul en scène se tient à lui-même.		"(Figuré) Discours d’une personne parlant toute seule ou ne laissant pas parler les autres, ou parlant simplement pour elle-même."	http://kaiko.getalp.org/dbnary/fra/__ws_3_monologue__nom__1
	A._UND-2	"Pièce à un personnage, généralement fantaisiste ou comique."		Scène dite par un seul personnage.	http://kaiko.getalp.org/dbnary/fra/__ws_2_monologue__nom__1
	A._UND-2	"Pièce à un personnage, généralement fantaisiste ou comique."		(Théâtre) Scène d’une pièce de théâtre où un personnage est seul et se parle à lui-même.	http://kaiko.getalp.org/dbnary/fra/__ws_1_monologue__nom__1
	A._UND-2	"Pièce à un personnage, généralement fantaisiste ou comique."		"(Figuré) Discours d’une personne parlant toute seule ou ne laissant pas parler les autres, ou parlant simplement pour elle-même."	http://kaiko.getalp.org/dbnary/fra/__ws_3_monologue__nom__1
	B._2.UND-5	Pseudo-conversation tenue par des enfants dont chacun s'adresse apparemment aux autres mais sans intention réelle de se faire écouter ou comprendre (		Scène dite par un seul personnage.	http://kaiko.getalp.org/dbnary/fra/__ws_2_monologue__nom__1
	B._2.UND-5	Pseudo-conversation tenue par des enfants dont chacun s'adresse apparemment aux autres mais sans intention réelle de se faire écouter ou comprendre (		(Théâtre) Scène d’une pièce de théâtre où un personnage est seul et se parle à lui-même.	http://kaiko.getalp.org/dbnary/fra/__ws_1_monologue__nom__1
	B._2.UND-5	Pseudo-conversation tenue par des enfants dont chacun s'adresse apparemment aux autres mais sans intention réelle de se faire écouter ou comprendre (		"(Figuré) Discours d’une personne parlant toute seule ou ne laissant pas parler les autres, ou parlant simplement pour elle-même."	http://kaiko.getalp.org/dbnary/fra/__ws_3_monologue__nom__1
	B._UND-3	Discours qu'une personne seule se tient à elle-même.		Scène dite par un seul personnage.	http://kaiko.getalp.org/dbnary/fra/__ws_2_monologue__nom__1
	B._UND-3	Discours qu'une personne seule se tient à elle-même.		(Théâtre) Scène d’une pièce de théâtre où un personnage est seul et se parle à lui-même.	http://kaiko.getalp.org/dbnary/fra/__ws_1_monologue__nom__1
	B._UND-3	Discours qu'une personne seule se tient à elle-même.		"(Figuré) Discours d’une personne parlant toute seule ou ne laissant pas parler les autres, ou parlant simplement pour elle-même."	http://kaiko.getalp.org/dbnary/fra/__ws_3_monologue__nom__1
	B._UND-6	"Discours d'une personne qui parle sans attendre de réponse ou sans laisser répondre ses interlocuteurs; dialogue, conversation où seul l'un des interlocuteurs est actif."		Scène dite par un seul personnage.	http://kaiko.getalp.org/dbnary/fra/__ws_2_monologue__nom__1
	B._UND-6	"Discours d'une personne qui parle sans attendre de réponse ou sans laisser répondre ses interlocuteurs; dialogue, conversation où seul l'un des interlocuteurs est actif."		(Théâtre) Scène d’une pièce de théâtre où un personnage est seul et se parle à lui-même.	http://kaiko.getalp.org/dbnary/fra/__ws_1_monologue__nom__1
	B._UND-6	"Discours d'une personne qui parle sans attendre de réponse ou sans laisser répondre ses interlocuteurs; dialogue, conversation où seul l'un des interlocuteurs est actif."		"(Figuré) Discours d’une personne parlant toute seule ou ne laissant pas parler les autres, ou parlant simplement pour elle-même."	http://kaiko.getalp.org/dbnary/fra/__ws_3_monologue__nom__1
comploter|verb|					
https://www.cnrtl.fr/definition/20779					
http://kaiko.getalp.org/dbnary/fra/comploter__verb__1					
	A._UND-1	Préparer secrètement et à plusieurs (un dessein criminel).		"Faire un complot, projeter, machiner un dessein criminel contre quelqu’un."	http://kaiko.getalp.org/dbnary/fra/__ws_1_comploter__verb__1
	A._UND-2	"Préparer en secret, seul ou à plusieurs, un projet ou une action quelconque."		"Faire un complot, projeter, machiner un dessein criminel contre quelqu’un."	http://kaiko.getalp.org/dbnary/fra/__ws_1_comploter__verb__1
	B._UND-3	Ourdir des complots		"Faire un complot, projeter, machiner un dessein criminel contre quelqu’un."	http://kaiko.getalp.org/dbnary/fra/__ws_1_comploter__verb__1
bousiller|verb|					
https://www.cnrtl.fr/definition/14081					
http://kaiko.getalp.org/dbnary/fra/bousiller__verb__1					
	I._UND-1	"Maçonner, construire en bousillage."		"(Transitif) Construire en torchis, c'est à dire en utilisant entre autre de la boue."	http://kaiko.getalp.org/dbnary/fra/__ws_1_bousiller__verb__1
	I._UND-1	"Maçonner, construire en bousillage."		(Intransitif) (Sens propre) ou (Figuré) Faire du bousillage.	http://kaiko.getalp.org/dbnary/fra/__ws_2_bousiller__verb__1
	I._UND-2	Abîmer		"(Transitif) Construire en torchis, c'est à dire en utilisant entre autre de la boue."	http://kaiko.getalp.org/dbnary/fra/__ws_1_bousiller__verb__1
	I._UND-2	Abîmer		(Intransitif) (Sens propre) ou (Figuré) Faire du bousillage.	http://kaiko.getalp.org/dbnary/fra/__ws_2_bousiller__verb__1
	II._UND-4	Exécuter un travail trop vite et mal.		"(Transitif) Construire en torchis, c'est à dire en utilisant entre autre de la boue."	http://kaiko.getalp.org/dbnary/fra/__ws_1_bousiller__verb__1
	II._UND-4	Exécuter un travail trop vite et mal.		(Intransitif) (Sens propre) ou (Figuré) Faire du bousillage.	http://kaiko.getalp.org/dbnary/fra/__ws_2_bousiller__verb__1
domestique|adjective|					
https://www.cnrtl.fr/definition/27767					
http://kaiko.getalp.org/dbnary/fra/domestique__adj__1					
	I._A._4.UND-4	Attaché à un foyer.		"Relatif au ménage, à l'intérieur de la famille."	http://kaiko.getalp.org/dbnary/fra/__ws_2_domestique__adj__1
	I._A._4.UND-4	Attaché à un foyer.		Qui est de la maison ; qui appartient à la maison.	http://kaiko.getalp.org/dbnary/fra/__ws_1_domestique__adj__1
	I._A._4.UND-4	Attaché à un foyer.		"(Élevage) (Par extension) Qualifie les animaux qui vivent dans la demeure de l’homme, qui y sont élevés et nourris. → voir animal domestique."	http://kaiko.getalp.org/dbnary/fra/__ws_3_domestique__adj__1
	I._A._4.UND-5	Qui exerce son activité à l'intérieur du milieu familial.		"Relatif au ménage, à l'intérieur de la famille."	http://kaiko.getalp.org/dbnary/fra/__ws_2_domestique__adj__1
	I._A._4.UND-5	Qui exerce son activité à l'intérieur du milieu familial.		Qui est de la maison ; qui appartient à la maison.	http://kaiko.getalp.org/dbnary/fra/__ws_1_domestique__adj__1
	I._A._4.UND-5	Qui exerce son activité à l'intérieur du milieu familial.		"(Élevage) (Par extension) Qualifie les animaux qui vivent dans la demeure de l’homme, qui y sont élevés et nourris. → voir animal domestique."	http://kaiko.getalp.org/dbnary/fra/__ws_3_domestique__adj__1
	I._A._UND-1	Qui concerne le ménage.		"Relatif au ménage, à l'intérieur de la famille."	http://kaiko.getalp.org/dbnary/fra/__ws_2_domestique__adj__1
	I._A._UND-1	Qui concerne le ménage.		Qui est de la maison ; qui appartient à la maison.	http://kaiko.getalp.org/dbnary/fra/__ws_1_domestique__adj__1
	I._A._UND-1	Qui concerne le ménage.		"(Élevage) (Par extension) Qualifie les animaux qui vivent dans la demeure de l’homme, qui y sont élevés et nourris. → voir animal domestique."	http://kaiko.getalp.org/dbnary/fra/__ws_3_domestique__adj__1
	I._A._UND-2	Qui concerne la vie privée.		"Relatif au ménage, à l'intérieur de la famille."	http://kaiko.getalp.org/dbnary/fra/__ws_2_domestique__adj__1
	I._A._UND-2	Qui concerne la vie privée.		Qui est de la maison ; qui appartient à la maison.	http://kaiko.getalp.org/dbnary/fra/__ws_1_domestique__adj__1
	I._A._UND-2	Qui concerne la vie privée.		"(Élevage) (Par extension) Qualifie les animaux qui vivent dans la demeure de l’homme, qui y sont élevés et nourris. → voir animal domestique."	http://kaiko.getalp.org/dbnary/fra/__ws_3_domestique__adj__1
	I._A._UND-3	"Qui appartient à l'environnement familial, au patrimoine."		"Relatif au ménage, à l'intérieur de la famille."	http://kaiko.getalp.org/dbnary/fra/__ws_2_domestique__adj__1
	I._A._UND-3	"Qui appartient à l'environnement familial, au patrimoine."		Qui est de la maison ; qui appartient à la maison.	http://kaiko.getalp.org/dbnary/fra/__ws_1_domestique__adj__1
	I._A._UND-3	"Qui appartient à l'environnement familial, au patrimoine."		"(Élevage) (Par extension) Qualifie les animaux qui vivent dans la demeure de l’homme, qui y sont élevés et nourris. → voir animal domestique."	http://kaiko.getalp.org/dbnary/fra/__ws_3_domestique__adj__1
	I._A._UND-7	"Qui appartient à un pays, à un peuple."		"Relatif au ménage, à l'intérieur de la famille."	http://kaiko.getalp.org/dbnary/fra/__ws_2_domestique__adj__1
	I._A._UND-7	"Qui appartient à un pays, à un peuple."		Qui est de la maison ; qui appartient à la maison.	http://kaiko.getalp.org/dbnary/fra/__ws_1_domestique__adj__1
	I._A._UND-7	"Qui appartient à un pays, à un peuple."		"(Élevage) (Par extension) Qualifie les animaux qui vivent dans la demeure de l’homme, qui y sont élevés et nourris. → voir animal domestique."	http://kaiko.getalp.org/dbnary/fra/__ws_3_domestique__adj__1
	I._UND-8	Qui concerne la vie à la maison.		"Relatif au ménage, à l'intérieur de la famille."	http://kaiko.getalp.org/dbnary/fra/__ws_2_domestique__adj__1
	I._UND-8	Qui concerne la vie à la maison.		Qui est de la maison ; qui appartient à la maison.	http://kaiko.getalp.org/dbnary/fra/__ws_1_domestique__adj__1
	I._UND-8	Qui concerne la vie à la maison.		"(Élevage) (Par extension) Qualifie les animaux qui vivent dans la demeure de l’homme, qui y sont élevés et nourris. → voir animal domestique."	http://kaiko.getalp.org/dbnary/fra/__ws_3_domestique__adj__1
	I._UND-9	"Choisi, élevé par l'homme, qui vit dans son entourage pour l'aider, le distraire, le nourrir."		"Relatif au ménage, à l'intérieur de la famille."	http://kaiko.getalp.org/dbnary/fra/__ws_2_domestique__adj__1
	I._UND-9	"Choisi, élevé par l'homme, qui vit dans son entourage pour l'aider, le distraire, le nourrir."		Qui est de la maison ; qui appartient à la maison.	http://kaiko.getalp.org/dbnary/fra/__ws_1_domestique__adj__1
	I._UND-9	"Choisi, élevé par l'homme, qui vit dans son entourage pour l'aider, le distraire, le nourrir."		"(Élevage) (Par extension) Qualifie les animaux qui vivent dans la demeure de l’homme, qui y sont élevés et nourris. → voir animal domestique."	http://kaiko.getalp.org/dbnary/fra/__ws_3_domestique__adj__1
	II._A._UND-11	Homme (même de noble condition) attaché au service d'un grand personnage.		"Relatif au ménage, à l'intérieur de la famille."	http://kaiko.getalp.org/dbnary/fra/__ws_2_domestique__adj__1
	II._A._UND-11	Homme (même de noble condition) attaché au service d'un grand personnage.		Qui est de la maison ; qui appartient à la maison.	http://kaiko.getalp.org/dbnary/fra/__ws_1_domestique__adj__1
	II._A._UND-11	Homme (même de noble condition) attaché au service d'un grand personnage.		"(Élevage) (Par extension) Qualifie les animaux qui vivent dans la demeure de l’homme, qui y sont élevés et nourris. → voir animal domestique."	http://kaiko.getalp.org/dbnary/fra/__ws_3_domestique__adj__1
	II._A._UND-12	Ensemble des domestiques ( II B 1) qui appartiennent à une maison.		"Relatif au ménage, à l'intérieur de la famille."	http://kaiko.getalp.org/dbnary/fra/__ws_2_domestique__adj__1
	II._A._UND-12	Ensemble des domestiques ( II B 1) qui appartiennent à une maison.		Qui est de la maison ; qui appartient à la maison.	http://kaiko.getalp.org/dbnary/fra/__ws_1_domestique__adj__1
	II._A._UND-12	Ensemble des domestiques ( II B 1) qui appartiennent à une maison.		"(Élevage) (Par extension) Qualifie les animaux qui vivent dans la demeure de l’homme, qui y sont élevés et nourris. → voir animal domestique."	http://kaiko.getalp.org/dbnary/fra/__ws_3_domestique__adj__1
	II._B._UND-16	"Personne employée pour le service, l'entretien d'une maison."		"Relatif au ménage, à l'intérieur de la famille."	http://kaiko.getalp.org/dbnary/fra/__ws_2_domestique__adj__1
	II._B._UND-16	"Personne employée pour le service, l'entretien d'une maison."		Qui est de la maison ; qui appartient à la maison.	http://kaiko.getalp.org/dbnary/fra/__ws_1_domestique__adj__1
	II._B._UND-16	"Personne employée pour le service, l'entretien d'une maison."		"(Élevage) (Par extension) Qualifie les animaux qui vivent dans la demeure de l’homme, qui y sont élevés et nourris. → voir animal domestique."	http://kaiko.getalp.org/dbnary/fra/__ws_3_domestique__adj__1
	II._B._UND-19	"Personne hiérarchiquement inférieure, qui aide, sert."		"Relatif au ménage, à l'intérieur de la famille."	http://kaiko.getalp.org/dbnary/fra/__ws_2_domestique__adj__1
	II._B._UND-19	"Personne hiérarchiquement inférieure, qui aide, sert."		Qui est de la maison ; qui appartient à la maison.	http://kaiko.getalp.org/dbnary/fra/__ws_1_domestique__adj__1
	II._B._UND-19	"Personne hiérarchiquement inférieure, qui aide, sert."		"(Élevage) (Par extension) Qualifie les animaux qui vivent dans la demeure de l’homme, qui y sont élevés et nourris. → voir animal domestique."	http://kaiko.getalp.org/dbnary/fra/__ws_3_domestique__adj__1
cocasserie|noun|feminine					
https://www.cnrtl.fr/definition/19828					
http://kaiko.getalp.org/dbnary/fra/cocasserie__nom__1					
	A._1.UND-1	Aspect drôle ou saugrenu d'une chose.		"Chose, parole cocasse."	http://kaiko.getalp.org/dbnary/fra/__ws_1_cocasserie__nom__1
	A._1.UND-2	"Caractère amusant, plaisant d'une uvre, d'un style, d'un langage ou d'une situation."		"Chose, parole cocasse."	http://kaiko.getalp.org/dbnary/fra/__ws_1_cocasserie__nom__1
	A._UND-4	Tendance habituelle à la plaisanterie; aspect physique ou moral suscitant le rire ou la moquerie.		"Chose, parole cocasse."	http://kaiko.getalp.org/dbnary/fra/__ws_1_cocasserie__nom__1
	B._UND-6	"Bon mot, trait comique de langage."		"Chose, parole cocasse."	http://kaiko.getalp.org/dbnary/fra/__ws_1_cocasserie__nom__1
	B._UND-7	"Situation comique; comportement, attitude morale dont l'extravagance ou l'étrangeté fait rire par l'effet de surprise qu'elle provoque généralement"		"Chose, parole cocasse."	http://kaiko.getalp.org/dbnary/fra/__ws_1_cocasserie__nom__1
	B._UND-8	"uvre écrite, peinte ou jouée, tenant de la farce et du vaudeville."		"Chose, parole cocasse."	http://kaiko.getalp.org/dbnary/fra/__ws_1_cocasserie__nom__1
	UND-5	"Caractère de ce qui est cocasse, risible jusqu'au ridicule."		"Chose, parole cocasse."	http://kaiko.getalp.org/dbnary/fra/__ws_1_cocasserie__nom__1
	UND-9	"Propos, acte, situation portant au rire ou à la moquerie."		"Chose, parole cocasse."	http://kaiko.getalp.org/dbnary/fra/__ws_1_cocasserie__nom__1
altération|noun|feminine					
https://www.cnrtl.fr/definition/5294					
http://kaiko.getalp.org/dbnary/fra/altération__nom__1					
	A._1.UND-1	L'altération placée auprès de la clé.		(Jardinage) Diminution considérable de l'activité de la sève.	http://kaiko.getalp.org/dbnary/fra/__ws_5_altération__nom__1
	A._1.UND-1	L'altération placée auprès de la clé.		Modification de bien en mal dans l’état d’une personne ou d’une chose.	http://kaiko.getalp.org/dbnary/fra/__ws_2_altération__nom__1
	A._1.UND-1	L'altération placée auprès de la clé.		"(Cartographie) Erreur systématique, généralement de valeur connue, inséparablement liée à la nature même d'un processus."	http://kaiko.getalp.org/dbnary/fra/__ws_7_altération__nom__1
	A._1.UND-1	L'altération placée auprès de la clé.		(Chimie physique) Changement dans l’état d’une chose.	http://kaiko.getalp.org/dbnary/fra/__ws_1_altération__nom__1
	A._1.UND-1	L'altération placée auprès de la clé.		"(Vieilli) (Désuet) Grande soif, émotion d'esprit."	http://kaiko.getalp.org/dbnary/fra/__ws_6_altération__nom__1
	A._1.UND-1	L'altération placée auprès de la clé.		(Musique) Tout changement chromatique qu’on fait subir à une note.	http://kaiko.getalp.org/dbnary/fra/__ws_4_altération__nom__1
	A._1.UND-1	L'altération placée auprès de la clé.		Falsification des monnaies par l’excès de l’alliage.	http://kaiko.getalp.org/dbnary/fra/__ws_3_altération__nom__1
	A._1.UND-3	Modification que l'on fait subir à l'intonation primitive d'une note en la haussant ou en la baissant au moyen de signes appelés signes d'altération.		(Jardinage) Diminution considérable de l'activité de la sève.	http://kaiko.getalp.org/dbnary/fra/__ws_5_altération__nom__1
	A._1.UND-3	Modification que l'on fait subir à l'intonation primitive d'une note en la haussant ou en la baissant au moyen de signes appelés signes d'altération.		Modification de bien en mal dans l’état d’une personne ou d’une chose.	http://kaiko.getalp.org/dbnary/fra/__ws_2_altération__nom__1
	A._1.UND-3	Modification que l'on fait subir à l'intonation primitive d'une note en la haussant ou en la baissant au moyen de signes appelés signes d'altération.		"(Cartographie) Erreur systématique, généralement de valeur connue, inséparablement liée à la nature même d'un processus."	http://kaiko.getalp.org/dbnary/fra/__ws_7_altération__nom__1
	A._1.UND-3	Modification que l'on fait subir à l'intonation primitive d'une note en la haussant ou en la baissant au moyen de signes appelés signes d'altération.		(Chimie physique) Changement dans l’état d’une chose.	http://kaiko.getalp.org/dbnary/fra/__ws_1_altération__nom__1
	A._1.UND-3	Modification que l'on fait subir à l'intonation primitive d'une note en la haussant ou en la baissant au moyen de signes appelés signes d'altération.		"(Vieilli) (Désuet) Grande soif, émotion d'esprit."	http://kaiko.getalp.org/dbnary/fra/__ws_6_altération__nom__1
	A._1.UND-3	Modification que l'on fait subir à l'intonation primitive d'une note en la haussant ou en la baissant au moyen de signes appelés signes d'altération.		(Musique) Tout changement chromatique qu’on fait subir à une note.	http://kaiko.getalp.org/dbnary/fra/__ws_4_altération__nom__1
	A._1.UND-3	Modification que l'on fait subir à l'intonation primitive d'une note en la haussant ou en la baissant au moyen de signes appelés signes d'altération.		Falsification des monnaies par l’excès de l’alliage.	http://kaiko.getalp.org/dbnary/fra/__ws_3_altération__nom__1
	A._1.UND-4	"Chez Aristote, changement dans la catégorie de qualité : le fait de devenir ou de rendre autre."		(Jardinage) Diminution considérable de l'activité de la sève.	http://kaiko.getalp.org/dbnary/fra/__ws_5_altération__nom__1
	A._1.UND-4	"Chez Aristote, changement dans la catégorie de qualité : le fait de devenir ou de rendre autre."		Modification de bien en mal dans l’état d’une personne ou d’une chose.	http://kaiko.getalp.org/dbnary/fra/__ws_2_altération__nom__1
	A._1.UND-4	"Chez Aristote, changement dans la catégorie de qualité : le fait de devenir ou de rendre autre."		"(Cartographie) Erreur systématique, généralement de valeur connue, inséparablement liée à la nature même d'un processus."	http://kaiko.getalp.org/dbnary/fra/__ws_7_altération__nom__1
	A._1.UND-4	"Chez Aristote, changement dans la catégorie de qualité : le fait de devenir ou de rendre autre."		(Chimie physique) Changement dans l’état d’une chose.	http://kaiko.getalp.org/dbnary/fra/__ws_1_altération__nom__1
	A._1.UND-4	"Chez Aristote, changement dans la catégorie de qualité : le fait de devenir ou de rendre autre."		"(Vieilli) (Désuet) Grande soif, émotion d'esprit."	http://kaiko.getalp.org/dbnary/fra/__ws_6_altération__nom__1
	A._1.UND-4	"Chez Aristote, changement dans la catégorie de qualité : le fait de devenir ou de rendre autre."		(Musique) Tout changement chromatique qu’on fait subir à une note.	http://kaiko.getalp.org/dbnary/fra/__ws_4_altération__nom__1
	A._1.UND-4	"Chez Aristote, changement dans la catégorie de qualité : le fait de devenir ou de rendre autre."		Falsification des monnaies par l’excès de l’alliage.	http://kaiko.getalp.org/dbnary/fra/__ws_3_altération__nom__1
	A._UND-5	"Changement radical, sans nuance"		(Jardinage) Diminution considérable de l'activité de la sève.	http://kaiko.getalp.org/dbnary/fra/__ws_5_altération__nom__1
	A._UND-5	"Changement radical, sans nuance"		Modification de bien en mal dans l’état d’une personne ou d’une chose.	http://kaiko.getalp.org/dbnary/fra/__ws_2_altération__nom__1
	A._UND-5	"Changement radical, sans nuance"		"(Cartographie) Erreur systématique, généralement de valeur connue, inséparablement liée à la nature même d'un processus."	http://kaiko.getalp.org/dbnary/fra/__ws_7_altération__nom__1
	A._UND-5	"Changement radical, sans nuance"		(Chimie physique) Changement dans l’état d’une chose.	http://kaiko.getalp.org/dbnary/fra/__ws_1_altération__nom__1
	A._UND-5	"Changement radical, sans nuance"		"(Vieilli) (Désuet) Grande soif, émotion d'esprit."	http://kaiko.getalp.org/dbnary/fra/__ws_6_altération__nom__1
	A._UND-5	"Changement radical, sans nuance"		(Musique) Tout changement chromatique qu’on fait subir à une note.	http://kaiko.getalp.org/dbnary/fra/__ws_4_altération__nom__1
	A._UND-5	"Changement radical, sans nuance"		Falsification des monnaies par l’excès de l’alliage.	http://kaiko.getalp.org/dbnary/fra/__ws_3_altération__nom__1
	B._1.b)UND-8	"Chez Freud. Altération du moi : ensemble des limitations et des attitudes anachroniques acquises par le moi au cours des étapes du conflit défensif, et qui retentissent défavorablement sur ses possibilités d'adaptation."		(Jardinage) Diminution considérable de l'activité de la sève.	http://kaiko.getalp.org/dbnary/fra/__ws_5_altération__nom__1
	B._1.b)UND-8	"Chez Freud. Altération du moi : ensemble des limitations et des attitudes anachroniques acquises par le moi au cours des étapes du conflit défensif, et qui retentissent défavorablement sur ses possibilités d'adaptation."		Modification de bien en mal dans l’état d’une personne ou d’une chose.	http://kaiko.getalp.org/dbnary/fra/__ws_2_altération__nom__1
	B._1.b)UND-8	"Chez Freud. Altération du moi : ensemble des limitations et des attitudes anachroniques acquises par le moi au cours des étapes du conflit défensif, et qui retentissent défavorablement sur ses possibilités d'adaptation."		"(Cartographie) Erreur systématique, généralement de valeur connue, inséparablement liée à la nature même d'un processus."	http://kaiko.getalp.org/dbnary/fra/__ws_7_altération__nom__1
	B._1.b)UND-8	"Chez Freud. Altération du moi : ensemble des limitations et des attitudes anachroniques acquises par le moi au cours des étapes du conflit défensif, et qui retentissent défavorablement sur ses possibilités d'adaptation."		(Chimie physique) Changement dans l’état d’une chose.	http://kaiko.getalp.org/dbnary/fra/__ws_1_altération__nom__1
	B._1.b)UND-8	"Chez Freud. Altération du moi : ensemble des limitations et des attitudes anachroniques acquises par le moi au cours des étapes du conflit défensif, et qui retentissent défavorablement sur ses possibilités d'adaptation."		"(Vieilli) (Désuet) Grande soif, émotion d'esprit."	http://kaiko.getalp.org/dbnary/fra/__ws_6_altération__nom__1
	B._1.b)UND-8	"Chez Freud. Altération du moi : ensemble des limitations et des attitudes anachroniques acquises par le moi au cours des étapes du conflit défensif, et qui retentissent défavorablement sur ses possibilités d'adaptation."		(Musique) Tout changement chromatique qu’on fait subir à une note.	http://kaiko.getalp.org/dbnary/fra/__ws_4_altération__nom__1
	B._1.b)UND-8	"Chez Freud. Altération du moi : ensemble des limitations et des attitudes anachroniques acquises par le moi au cours des étapes du conflit défensif, et qui retentissent défavorablement sur ses possibilités d'adaptation."		Falsification des monnaies par l’excès de l’alliage.	http://kaiko.getalp.org/dbnary/fra/__ws_3_altération__nom__1
	B._2.UND-10	"Contrefaçon, falsification, imitation frauduleuse"		(Jardinage) Diminution considérable de l'activité de la sève.	http://kaiko.getalp.org/dbnary/fra/__ws_5_altération__nom__1
	B._2.UND-10	"Contrefaçon, falsification, imitation frauduleuse"		Modification de bien en mal dans l’état d’une personne ou d’une chose.	http://kaiko.getalp.org/dbnary/fra/__ws_2_altération__nom__1
	B._2.UND-10	"Contrefaçon, falsification, imitation frauduleuse"		"(Cartographie) Erreur systématique, généralement de valeur connue, inséparablement liée à la nature même d'un processus."	http://kaiko.getalp.org/dbnary/fra/__ws_7_altération__nom__1
	B._2.UND-10	"Contrefaçon, falsification, imitation frauduleuse"		(Chimie physique) Changement dans l’état d’une chose.	http://kaiko.getalp.org/dbnary/fra/__ws_1_altération__nom__1
	B._2.UND-10	"Contrefaçon, falsification, imitation frauduleuse"		"(Vieilli) (Désuet) Grande soif, émotion d'esprit."	http://kaiko.getalp.org/dbnary/fra/__ws_6_altération__nom__1
	B._2.UND-10	"Contrefaçon, falsification, imitation frauduleuse"		(Musique) Tout changement chromatique qu’on fait subir à une note.	http://kaiko.getalp.org/dbnary/fra/__ws_4_altération__nom__1
	B._2.UND-10	"Contrefaçon, falsification, imitation frauduleuse"		Falsification des monnaies par l’excès de l’alliage.	http://kaiko.getalp.org/dbnary/fra/__ws_3_altération__nom__1
	B._2.UND-11	"Action de changer sciemment la consigne, en parlant du chef d'un poste. C'est un délit que l'on punit de six mois d'emprisonnement."		(Jardinage) Diminution considérable de l'activité de la sève.	http://kaiko.getalp.org/dbnary/fra/__ws_5_altération__nom__1
	B._2.UND-11	"Action de changer sciemment la consigne, en parlant du chef d'un poste. C'est un délit que l'on punit de six mois d'emprisonnement."		Modification de bien en mal dans l’état d’une personne ou d’une chose.	http://kaiko.getalp.org/dbnary/fra/__ws_2_altération__nom__1
	B._2.UND-11	"Action de changer sciemment la consigne, en parlant du chef d'un poste. C'est un délit que l'on punit de six mois d'emprisonnement."		"(Cartographie) Erreur systématique, généralement de valeur connue, inséparablement liée à la nature même d'un processus."	http://kaiko.getalp.org/dbnary/fra/__ws_7_altération__nom__1
	B._2.UND-11	"Action de changer sciemment la consigne, en parlant du chef d'un poste. C'est un délit que l'on punit de six mois d'emprisonnement."		(Chimie physique) Changement dans l’état d’une chose.	http://kaiko.getalp.org/dbnary/fra/__ws_1_altération__nom__1
	B._2.UND-11	"Action de changer sciemment la consigne, en parlant du chef d'un poste. C'est un délit que l'on punit de six mois d'emprisonnement."		"(Vieilli) (Désuet) Grande soif, émotion d'esprit."	http://kaiko.getalp.org/dbnary/fra/__ws_6_altération__nom__1
	B._2.UND-11	"Action de changer sciemment la consigne, en parlant du chef d'un poste. C'est un délit que l'on punit de six mois d'emprisonnement."		(Musique) Tout changement chromatique qu’on fait subir à une note.	http://kaiko.getalp.org/dbnary/fra/__ws_4_altération__nom__1
	B._2.UND-11	"Action de changer sciemment la consigne, en parlant du chef d'un poste. C'est un délit que l'on punit de six mois d'emprisonnement."		Falsification des monnaies par l’excès de l’alliage.	http://kaiko.getalp.org/dbnary/fra/__ws_3_altération__nom__1
	UND-13	"Dégradation par rapport à l'état initial ou normal d'une chose, ou aspect de l'être humain."		(Jardinage) Diminution considérable de l'activité de la sève.	http://kaiko.getalp.org/dbnary/fra/__ws_5_altération__nom__1
	UND-13	"Dégradation par rapport à l'état initial ou normal d'une chose, ou aspect de l'être humain."		Modification de bien en mal dans l’état d’une personne ou d’une chose.	http://kaiko.getalp.org/dbnary/fra/__ws_2_altération__nom__1
	UND-13	"Dégradation par rapport à l'état initial ou normal d'une chose, ou aspect de l'être humain."		"(Cartographie) Erreur systématique, généralement de valeur connue, inséparablement liée à la nature même d'un processus."	http://kaiko.getalp.org/dbnary/fra/__ws_7_altération__nom__1
	UND-13	"Dégradation par rapport à l'état initial ou normal d'une chose, ou aspect de l'être humain."		(Chimie physique) Changement dans l’état d’une chose.	http://kaiko.getalp.org/dbnary/fra/__ws_1_altération__nom__1
	UND-13	"Dégradation par rapport à l'état initial ou normal d'une chose, ou aspect de l'être humain."		"(Vieilli) (Désuet) Grande soif, émotion d'esprit."	http://kaiko.getalp.org/dbnary/fra/__ws_6_altération__nom__1
	UND-13	"Dégradation par rapport à l'état initial ou normal d'une chose, ou aspect de l'être humain."		(Musique) Tout changement chromatique qu’on fait subir à une note.	http://kaiko.getalp.org/dbnary/fra/__ws_4_altération__nom__1
	UND-13	"Dégradation par rapport à l'état initial ou normal d'une chose, ou aspect de l'être humain."		Falsification des monnaies par l’excès de l’alliage.	http://kaiko.getalp.org/dbnary/fra/__ws_3_altération__nom__1
	UND-6	Modification de l'état ou de la qualité d'une chose.		(Jardinage) Diminution considérable de l'activité de la sève.	http://kaiko.getalp.org/dbnary/fra/__ws_5_altération__nom__1
	UND-6	Modification de l'état ou de la qualité d'une chose.		Modification de bien en mal dans l’état d’une personne ou d’une chose.	http://kaiko.getalp.org/dbnary/fra/__ws_2_altération__nom__1
	UND-6	Modification de l'état ou de la qualité d'une chose.		"(Cartographie) Erreur systématique, généralement de valeur connue, inséparablement liée à la nature même d'un processus."	http://kaiko.getalp.org/dbnary/fra/__ws_7_altération__nom__1
	UND-6	Modification de l'état ou de la qualité d'une chose.		(Chimie physique) Changement dans l’état d’une chose.	http://kaiko.getalp.org/dbnary/fra/__ws_1_altération__nom__1
	UND-6	Modification de l'état ou de la qualité d'une chose.		"(Vieilli) (Désuet) Grande soif, émotion d'esprit."	http://kaiko.getalp.org/dbnary/fra/__ws_6_altération__nom__1
	UND-6	Modification de l'état ou de la qualité d'une chose.		(Musique) Tout changement chromatique qu’on fait subir à une note.	http://kaiko.getalp.org/dbnary/fra/__ws_4_altération__nom__1
	UND-6	Modification de l'état ou de la qualité d'une chose.		Falsification des monnaies par l’excès de l’alliage.	http://kaiko.getalp.org/dbnary/fra/__ws_3_altération__nom__1
courser|verb|					
https://www.cnrtl.fr/definition/22674					
http://kaiko.getalp.org/dbnary/fra/courser__verb__1					
	UND-1	Poursuivre à la course (une personne ou un animal).		Poursuivre ; courir après quelqu’un ou un animal.	http://kaiko.getalp.org/dbnary/fra/__ws_1_courser__verb__1
	UND-2	Poursuivre une femme de ses assiduités		Poursuivre ; courir après quelqu’un ou un animal.	http://kaiko.getalp.org/dbnary/fra/__ws_1_courser__verb__1
papyrus|noun|masculine					
https://www.cnrtl.fr/definition/60654					
http://kaiko.getalp.org/dbnary/fra/papyrus__nom__1					
	B._UND-2	"Feuille constituée par la superposition de deux couches pressées de fines bandes de tiges de cette plante, l'une horizontale, l'autre verticale, séchée et poncée, utilisée par les Égyptiens de l'Antiquité pour la confection de leurs manuscrits; ensemble de feuilles collées bout à bout."		(Par extension) Feuille faite avec le papyrus.	http://kaiko.getalp.org/dbnary/fra/__ws_2_papyrus__nom__1
	B._UND-2	"Feuille constituée par la superposition de deux couches pressées de fines bandes de tiges de cette plante, l'une horizontale, l'autre verticale, séchée et poncée, utilisée par les Égyptiens de l'Antiquité pour la confection de leurs manuscrits; ensemble de feuilles collées bout à bout."		"(Botanique) Plante de la famille des cypéracées (Cyperaceae). Plante aquatique herbacée qui pousse en Égypte le long du Nil, dont la tige est triangulaire et de l’écorce duquel les anciens Égyptiens faisaient les feuilles dont ils se servaient pour écrire."	http://kaiko.getalp.org/dbnary/fra/__ws_1_papyrus__nom__1
	B._UND-2	"Feuille constituée par la superposition de deux couches pressées de fines bandes de tiges de cette plante, l'une horizontale, l'autre verticale, séchée et poncée, utilisée par les Égyptiens de l'Antiquité pour la confection de leurs manuscrits; ensemble de feuilles collées bout à bout."		(Par métonymie) Texte écrit sur une feuille de papyrus.	http://kaiko.getalp.org/dbnary/fra/__ws_3_papyrus__nom__1
	B._UND-3	Manuscrit dont le support est un papyrus; texte de ce manuscrit.		(Par extension) Feuille faite avec le papyrus.	http://kaiko.getalp.org/dbnary/fra/__ws_2_papyrus__nom__1
	B._UND-3	Manuscrit dont le support est un papyrus; texte de ce manuscrit.		"(Botanique) Plante de la famille des cypéracées (Cyperaceae). Plante aquatique herbacée qui pousse en Égypte le long du Nil, dont la tige est triangulaire et de l’écorce duquel les anciens Égyptiens faisaient les feuilles dont ils se servaient pour écrire."	http://kaiko.getalp.org/dbnary/fra/__ws_1_papyrus__nom__1
	B._UND-3	Manuscrit dont le support est un papyrus; texte de ce manuscrit.		(Par métonymie) Texte écrit sur une feuille de papyrus.	http://kaiko.getalp.org/dbnary/fra/__ws_3_papyrus__nom__1
	UND-1	"Roseau composé d'une grosse racine rampante et d'une longue tige nue, à section triangulaire, portant une touffe de minces feuilles et une fleur en ombelle."		(Par extension) Feuille faite avec le papyrus.	http://kaiko.getalp.org/dbnary/fra/__ws_2_papyrus__nom__1
	UND-1	"Roseau composé d'une grosse racine rampante et d'une longue tige nue, à section triangulaire, portant une touffe de minces feuilles et une fleur en ombelle."		"(Botanique) Plante de la famille des cypéracées (Cyperaceae). Plante aquatique herbacée qui pousse en Égypte le long du Nil, dont la tige est triangulaire et de l’écorce duquel les anciens Égyptiens faisaient les feuilles dont ils se servaient pour écrire."	http://kaiko.getalp.org/dbnary/fra/__ws_1_papyrus__nom__1
	UND-1	"Roseau composé d'une grosse racine rampante et d'une longue tige nue, à section triangulaire, portant une touffe de minces feuilles et une fleur en ombelle."		(Par métonymie) Texte écrit sur une feuille de papyrus.	http://kaiko.getalp.org/dbnary/fra/__ws_3_papyrus__nom__1
armoire|noun|feminine					
https://www.cnrtl.fr/definition/8504					
http://kaiko.getalp.org/dbnary/fra/armoire__nom__1					
	B._1.UND-5	"Vieux vêtement(s), vieux linge."		"(Québec) Placard, meuble de rangement, notamment pour le matériel de cuisine."	http://kaiko.getalp.org/dbnary/fra/__ws_2_armoire__nom__1
	B._1.UND-5	"Vieux vêtement(s), vieux linge."		"(Mobilier) Meuble haut fermé par une ou deux portes et destiné au rangement du linge, des vêtements ou d’autres objets."	http://kaiko.getalp.org/dbnary/fra/__ws_1_armoire__nom__1
	B._1.UND-5	"Vieux vêtement(s), vieux linge."		(Québec) Armoire en muraille : Placard situé dans l'épaisseur d'un mur.	http://kaiko.getalp.org/dbnary/fra/__ws_3_armoire__nom__1
	B._2.UND-8	Homme grand et physiquement très fort		"(Québec) Placard, meuble de rangement, notamment pour le matériel de cuisine."	http://kaiko.getalp.org/dbnary/fra/__ws_2_armoire__nom__1
	B._2.UND-8	Homme grand et physiquement très fort		"(Mobilier) Meuble haut fermé par une ou deux portes et destiné au rangement du linge, des vêtements ou d’autres objets."	http://kaiko.getalp.org/dbnary/fra/__ws_1_armoire__nom__1
	B._2.UND-8	Homme grand et physiquement très fort		(Québec) Armoire en muraille : Placard situé dans l'épaisseur d'un mur.	http://kaiko.getalp.org/dbnary/fra/__ws_3_armoire__nom__1
	B._UND-2	"Grand meuble, ordinairement plus haut que large, garni de tablettes et fermé par une ou plusieurs portes, destiné à renfermer les objets de ménage, le linge, les vêtements"		"(Québec) Placard, meuble de rangement, notamment pour le matériel de cuisine."	http://kaiko.getalp.org/dbnary/fra/__ws_2_armoire__nom__1
	B._UND-2	"Grand meuble, ordinairement plus haut que large, garni de tablettes et fermé par une ou plusieurs portes, destiné à renfermer les objets de ménage, le linge, les vêtements"		"(Mobilier) Meuble haut fermé par une ou deux portes et destiné au rangement du linge, des vêtements ou d’autres objets."	http://kaiko.getalp.org/dbnary/fra/__ws_1_armoire__nom__1
	B._UND-2	"Grand meuble, ordinairement plus haut que large, garni de tablettes et fermé par une ou plusieurs portes, destiné à renfermer les objets de ménage, le linge, les vêtements"		(Québec) Armoire en muraille : Placard situé dans l'épaisseur d'un mur.	http://kaiko.getalp.org/dbnary/fra/__ws_3_armoire__nom__1
	B._UND-3	Armoire où l'on peut suspendre des vêtements		"(Québec) Placard, meuble de rangement, notamment pour le matériel de cuisine."	http://kaiko.getalp.org/dbnary/fra/__ws_2_armoire__nom__1
	B._UND-3	Armoire où l'on peut suspendre des vêtements		"(Mobilier) Meuble haut fermé par une ou deux portes et destiné au rangement du linge, des vêtements ou d’autres objets."	http://kaiko.getalp.org/dbnary/fra/__ws_1_armoire__nom__1
	B._UND-3	Armoire où l'on peut suspendre des vêtements		(Québec) Armoire en muraille : Placard situé dans l'épaisseur d'un mur.	http://kaiko.getalp.org/dbnary/fra/__ws_3_armoire__nom__1
	C._UND-10	Appellation ancienne du timbre à glace construit en forme d'armoire et réfrigéré par des blocs de glace vive.		"(Québec) Placard, meuble de rangement, notamment pour le matériel de cuisine."	http://kaiko.getalp.org/dbnary/fra/__ws_2_armoire__nom__1
	C._UND-10	Appellation ancienne du timbre à glace construit en forme d'armoire et réfrigéré par des blocs de glace vive.		"(Mobilier) Meuble haut fermé par une ou deux portes et destiné au rangement du linge, des vêtements ou d’autres objets."	http://kaiko.getalp.org/dbnary/fra/__ws_1_armoire__nom__1
	C._UND-10	Appellation ancienne du timbre à glace construit en forme d'armoire et réfrigéré par des blocs de glace vive.		(Québec) Armoire en muraille : Placard situé dans l'épaisseur d'un mur.	http://kaiko.getalp.org/dbnary/fra/__ws_3_armoire__nom__1
	C._UND-11	Armoire destinée à sécher ou à chauffer.		"(Québec) Placard, meuble de rangement, notamment pour le matériel de cuisine."	http://kaiko.getalp.org/dbnary/fra/__ws_2_armoire__nom__1
	C._UND-11	Armoire destinée à sécher ou à chauffer.		"(Mobilier) Meuble haut fermé par une ou deux portes et destiné au rangement du linge, des vêtements ou d’autres objets."	http://kaiko.getalp.org/dbnary/fra/__ws_1_armoire__nom__1
	C._UND-11	Armoire destinée à sécher ou à chauffer.		(Québec) Armoire en muraille : Placard situé dans l'épaisseur d'un mur.	http://kaiko.getalp.org/dbnary/fra/__ws_3_armoire__nom__1
	C._UND-12	Armoire étanche permettant de conserver à basse température des denrées périssables.		"(Québec) Placard, meuble de rangement, notamment pour le matériel de cuisine."	http://kaiko.getalp.org/dbnary/fra/__ws_2_armoire__nom__1
	C._UND-12	Armoire étanche permettant de conserver à basse température des denrées périssables.		"(Mobilier) Meuble haut fermé par une ou deux portes et destiné au rangement du linge, des vêtements ou d’autres objets."	http://kaiko.getalp.org/dbnary/fra/__ws_1_armoire__nom__1
	C._UND-12	Armoire étanche permettant de conserver à basse température des denrées périssables.		(Québec) Armoire en muraille : Placard situé dans l'épaisseur d'un mur.	http://kaiko.getalp.org/dbnary/fra/__ws_3_armoire__nom__1
	C._UND-13	Monte-plats.		"(Québec) Placard, meuble de rangement, notamment pour le matériel de cuisine."	http://kaiko.getalp.org/dbnary/fra/__ws_2_armoire__nom__1
	C._UND-13	Monte-plats.		"(Mobilier) Meuble haut fermé par une ou deux portes et destiné au rangement du linge, des vêtements ou d’autres objets."	http://kaiko.getalp.org/dbnary/fra/__ws_1_armoire__nom__1
	C._UND-13	Monte-plats.		(Québec) Armoire en muraille : Placard situé dans l'épaisseur d'un mur.	http://kaiko.getalp.org/dbnary/fra/__ws_3_armoire__nom__1
	C._UND-14	"Enveloppe métallique fixée au sol, qui contient tout ou partie des appareils entrant dans la composition d'un équipement électrique."		"(Québec) Placard, meuble de rangement, notamment pour le matériel de cuisine."	http://kaiko.getalp.org/dbnary/fra/__ws_2_armoire__nom__1
	C._UND-14	"Enveloppe métallique fixée au sol, qui contient tout ou partie des appareils entrant dans la composition d'un équipement électrique."		"(Mobilier) Meuble haut fermé par une ou deux portes et destiné au rangement du linge, des vêtements ou d’autres objets."	http://kaiko.getalp.org/dbnary/fra/__ws_1_armoire__nom__1
	C._UND-14	"Enveloppe métallique fixée au sol, qui contient tout ou partie des appareils entrant dans la composition d'un équipement électrique."		(Québec) Armoire en muraille : Placard situé dans l'épaisseur d'un mur.	http://kaiko.getalp.org/dbnary/fra/__ws_3_armoire__nom__1
	C._UND-15	"Meuble métallique contenant des relais, des mémoires ou autres organes non inclus dans une machine. On connecte l'armoire à cette machine pour en augmenter les possibilités."		"(Québec) Placard, meuble de rangement, notamment pour le matériel de cuisine."	http://kaiko.getalp.org/dbnary/fra/__ws_2_armoire__nom__1
	C._UND-15	"Meuble métallique contenant des relais, des mémoires ou autres organes non inclus dans une machine. On connecte l'armoire à cette machine pour en augmenter les possibilités."		"(Mobilier) Meuble haut fermé par une ou deux portes et destiné au rangement du linge, des vêtements ou d’autres objets."	http://kaiko.getalp.org/dbnary/fra/__ws_1_armoire__nom__1
	C._UND-15	"Meuble métallique contenant des relais, des mémoires ou autres organes non inclus dans une machine. On connecte l'armoire à cette machine pour en augmenter les possibilités."		(Québec) Armoire en muraille : Placard situé dans l'épaisseur d'un mur.	http://kaiko.getalp.org/dbnary/fra/__ws_3_armoire__nom__1
	UND-1	"Réduit aménagé dans l'épaisseur d'une muraille, clos par des portes et contenant des objets précieux, éventuellement des vivres."		"(Québec) Placard, meuble de rangement, notamment pour le matériel de cuisine."	http://kaiko.getalp.org/dbnary/fra/__ws_2_armoire__nom__1
	UND-1	"Réduit aménagé dans l'épaisseur d'une muraille, clos par des portes et contenant des objets précieux, éventuellement des vivres."		"(Mobilier) Meuble haut fermé par une ou deux portes et destiné au rangement du linge, des vêtements ou d’autres objets."	http://kaiko.getalp.org/dbnary/fra/__ws_1_armoire__nom__1
	UND-1	"Réduit aménagé dans l'épaisseur d'une muraille, clos par des portes et contenant des objets précieux, éventuellement des vivres."		(Québec) Armoire en muraille : Placard situé dans l'épaisseur d'un mur.	http://kaiko.getalp.org/dbnary/fra/__ws_3_armoire__nom__1
amener|verb|					
https://www.cnrtl.fr/definition/5634					
http://kaiko.getalp.org/dbnary/fra/amener__verb__1					
	I._A._1.a)UND-2	Ordre d'arrêter et de mener quelqu'un devant le juge		(Pronominal) Arriver.	http://kaiko.getalp.org/dbnary/fra/__ws_10_amener__verb__1
	I._A._1.a)UND-2	Ordre d'arrêter et de mener quelqu'un devant le juge		"(Acadie) (Gaspésie) Mettre bas, en parlant des animaux."	http://kaiko.getalp.org/dbnary/fra/__ws_11_amener__verb__1
	I._A._1.a)UND-2	Ordre d'arrêter et de mener quelqu'un devant le juge		"Conduire, transporter vers un autre endroit."	http://kaiko.getalp.org/dbnary/fra/__ws_2_amener__verb__1
	I._A._1.a)UND-2	Ordre d'arrêter et de mener quelqu'un devant le juge		(Figuré) Parvenir à faire adopter une opinion à quelqu’un.	http://kaiko.getalp.org/dbnary/fra/__ws_3_amener__verb__1
	I._A._1.a)UND-2	Ordre d'arrêter et de mener quelqu'un devant le juge		Tirer à soi.	http://kaiko.getalp.org/dbnary/fra/__ws_4_amener__verb__1
	I._A._1.a)UND-2	Ordre d'arrêter et de mener quelqu'un devant le juge		(Marine) Faire descendre.	http://kaiko.getalp.org/dbnary/fra/__ws_5_amener__verb__1
	I._A._1.a)UND-2	Ordre d'arrêter et de mener quelqu'un devant le juge		(Marine) (Par extension) Baisser son pavillon pour marquer qu’on se rend à l’ennemi.	http://kaiko.getalp.org/dbnary/fra/__ws_6_amener__verb__1
	I._A._1.a)UND-2	Ordre d'arrêter et de mener quelqu'un devant le juge		"(Figuré) Introduire, faire adopter, mettre en usage."	http://kaiko.getalp.org/dbnary/fra/__ws_7_amener__verb__1
	I._A._1.a)UND-2	Ordre d'arrêter et de mener quelqu'un devant le juge		"Passer d’une chose à une autre qui la suit immédiatement, ou qui en est la conséquence."	http://kaiko.getalp.org/dbnary/fra/__ws_8_amener__verb__1
	I._A._1.a)UND-2	Ordre d'arrêter et de mener quelqu'un devant le juge		(Pronominal) Venir.	http://kaiko.getalp.org/dbnary/fra/__ws_9_amener__verb__1
	I._A._1.a)UND-2	Ordre d'arrêter et de mener quelqu'un devant le juge		Mener d’un lieu à un autre.	http://kaiko.getalp.org/dbnary/fra/__ws_1_amener__verb__1
	I._B._1.UND-9	"Acheminer par un moyen de transport quelconque là où se trouve le sujet parlant (ou l'interlocuteur), ou au lieu précisé par le compl. circ."		(Pronominal) Arriver.	http://kaiko.getalp.org/dbnary/fra/__ws_10_amener__verb__1
	I._B._1.UND-9	"Acheminer par un moyen de transport quelconque là où se trouve le sujet parlant (ou l'interlocuteur), ou au lieu précisé par le compl. circ."		"(Acadie) (Gaspésie) Mettre bas, en parlant des animaux."	http://kaiko.getalp.org/dbnary/fra/__ws_11_amener__verb__1
	I._B._1.UND-9	"Acheminer par un moyen de transport quelconque là où se trouve le sujet parlant (ou l'interlocuteur), ou au lieu précisé par le compl. circ."		"Conduire, transporter vers un autre endroit."	http://kaiko.getalp.org/dbnary/fra/__ws_2_amener__verb__1
	I._B._1.UND-9	"Acheminer par un moyen de transport quelconque là où se trouve le sujet parlant (ou l'interlocuteur), ou au lieu précisé par le compl. circ."		(Figuré) Parvenir à faire adopter une opinion à quelqu’un.	http://kaiko.getalp.org/dbnary/fra/__ws_3_amener__verb__1
	I._B._1.UND-9	"Acheminer par un moyen de transport quelconque là où se trouve le sujet parlant (ou l'interlocuteur), ou au lieu précisé par le compl. circ."		Tirer à soi.	http://kaiko.getalp.org/dbnary/fra/__ws_4_amener__verb__1
	I._B._1.UND-9	"Acheminer par un moyen de transport quelconque là où se trouve le sujet parlant (ou l'interlocuteur), ou au lieu précisé par le compl. circ."		(Marine) Faire descendre.	http://kaiko.getalp.org/dbnary/fra/__ws_5_amener__verb__1
	I._B._1.UND-9	"Acheminer par un moyen de transport quelconque là où se trouve le sujet parlant (ou l'interlocuteur), ou au lieu précisé par le compl. circ."		(Marine) (Par extension) Baisser son pavillon pour marquer qu’on se rend à l’ennemi.	http://kaiko.getalp.org/dbnary/fra/__ws_6_amener__verb__1
	I._B._1.UND-9	"Acheminer par un moyen de transport quelconque là où se trouve le sujet parlant (ou l'interlocuteur), ou au lieu précisé par le compl. circ."		"(Figuré) Introduire, faire adopter, mettre en usage."	http://kaiko.getalp.org/dbnary/fra/__ws_7_amener__verb__1
	I._B._1.UND-9	"Acheminer par un moyen de transport quelconque là où se trouve le sujet parlant (ou l'interlocuteur), ou au lieu précisé par le compl. circ."		"Passer d’une chose à une autre qui la suit immédiatement, ou qui en est la conséquence."	http://kaiko.getalp.org/dbnary/fra/__ws_8_amener__verb__1
	I._B._1.UND-9	"Acheminer par un moyen de transport quelconque là où se trouve le sujet parlant (ou l'interlocuteur), ou au lieu précisé par le compl. circ."		(Pronominal) Venir.	http://kaiko.getalp.org/dbnary/fra/__ws_9_amener__verb__1
	I._B._1.UND-9	"Acheminer par un moyen de transport quelconque là où se trouve le sujet parlant (ou l'interlocuteur), ou au lieu précisé par le compl. circ."		Mener d’un lieu à un autre.	http://kaiko.getalp.org/dbnary/fra/__ws_1_amener__verb__1
	I._B._2.UND-12	"Frapper, porter un coup."		(Pronominal) Arriver.	http://kaiko.getalp.org/dbnary/fra/__ws_10_amener__verb__1
	I._B._2.UND-12	"Frapper, porter un coup."		"(Acadie) (Gaspésie) Mettre bas, en parlant des animaux."	http://kaiko.getalp.org/dbnary/fra/__ws_11_amener__verb__1
	I._B._2.UND-12	"Frapper, porter un coup."		"Conduire, transporter vers un autre endroit."	http://kaiko.getalp.org/dbnary/fra/__ws_2_amener__verb__1
	I._B._2.UND-12	"Frapper, porter un coup."		(Figuré) Parvenir à faire adopter une opinion à quelqu’un.	http://kaiko.getalp.org/dbnary/fra/__ws_3_amener__verb__1
	I._B._2.UND-12	"Frapper, porter un coup."		Tirer à soi.	http://kaiko.getalp.org/dbnary/fra/__ws_4_amener__verb__1
	I._B._2.UND-12	"Frapper, porter un coup."		(Marine) Faire descendre.	http://kaiko.getalp.org/dbnary/fra/__ws_5_amener__verb__1
	I._B._2.UND-12	"Frapper, porter un coup."		(Marine) (Par extension) Baisser son pavillon pour marquer qu’on se rend à l’ennemi.	http://kaiko.getalp.org/dbnary/fra/__ws_6_amener__verb__1
	I._B._2.UND-12	"Frapper, porter un coup."		"(Figuré) Introduire, faire adopter, mettre en usage."	http://kaiko.getalp.org/dbnary/fra/__ws_7_amener__verb__1
	I._B._2.UND-12	"Frapper, porter un coup."		"Passer d’une chose à une autre qui la suit immédiatement, ou qui en est la conséquence."	http://kaiko.getalp.org/dbnary/fra/__ws_8_amener__verb__1
	I._B._2.UND-12	"Frapper, porter un coup."		(Pronominal) Venir.	http://kaiko.getalp.org/dbnary/fra/__ws_9_amener__verb__1
	I._B._2.UND-12	"Frapper, porter un coup."		Mener d’un lieu à un autre.	http://kaiko.getalp.org/dbnary/fra/__ws_1_amener__verb__1
	I._B._3.a)UND-14	"Tirer à soi, faire descendre (par un mouvement vertical)."		(Pronominal) Arriver.	http://kaiko.getalp.org/dbnary/fra/__ws_10_amener__verb__1
	I._B._3.a)UND-14	"Tirer à soi, faire descendre (par un mouvement vertical)."		"(Acadie) (Gaspésie) Mettre bas, en parlant des animaux."	http://kaiko.getalp.org/dbnary/fra/__ws_11_amener__verb__1
	I._B._3.a)UND-14	"Tirer à soi, faire descendre (par un mouvement vertical)."		"Conduire, transporter vers un autre endroit."	http://kaiko.getalp.org/dbnary/fra/__ws_2_amener__verb__1
	I._B._3.a)UND-14	"Tirer à soi, faire descendre (par un mouvement vertical)."		(Figuré) Parvenir à faire adopter une opinion à quelqu’un.	http://kaiko.getalp.org/dbnary/fra/__ws_3_amener__verb__1
	I._B._3.a)UND-14	"Tirer à soi, faire descendre (par un mouvement vertical)."		Tirer à soi.	http://kaiko.getalp.org/dbnary/fra/__ws_4_amener__verb__1
	I._B._3.a)UND-14	"Tirer à soi, faire descendre (par un mouvement vertical)."		(Marine) Faire descendre.	http://kaiko.getalp.org/dbnary/fra/__ws_5_amener__verb__1
	I._B._3.a)UND-14	"Tirer à soi, faire descendre (par un mouvement vertical)."		(Marine) (Par extension) Baisser son pavillon pour marquer qu’on se rend à l’ennemi.	http://kaiko.getalp.org/dbnary/fra/__ws_6_amener__verb__1
	I._B._3.a)UND-14	"Tirer à soi, faire descendre (par un mouvement vertical)."		"(Figuré) Introduire, faire adopter, mettre en usage."	http://kaiko.getalp.org/dbnary/fra/__ws_7_amener__verb__1
	I._B._3.a)UND-14	"Tirer à soi, faire descendre (par un mouvement vertical)."		"Passer d’une chose à une autre qui la suit immédiatement, ou qui en est la conséquence."	http://kaiko.getalp.org/dbnary/fra/__ws_8_amener__verb__1
	I._B._3.a)UND-14	"Tirer à soi, faire descendre (par un mouvement vertical)."		(Pronominal) Venir.	http://kaiko.getalp.org/dbnary/fra/__ws_9_amener__verb__1
	I._B._3.a)UND-14	"Tirer à soi, faire descendre (par un mouvement vertical)."		Mener d’un lieu à un autre.	http://kaiko.getalp.org/dbnary/fra/__ws_1_amener__verb__1
	I._B._3.a)UND-17	cesser le combat		(Pronominal) Arriver.	http://kaiko.getalp.org/dbnary/fra/__ws_10_amener__verb__1
	I._B._3.a)UND-17	cesser le combat		"(Acadie) (Gaspésie) Mettre bas, en parlant des animaux."	http://kaiko.getalp.org/dbnary/fra/__ws_11_amener__verb__1
	I._B._3.a)UND-17	cesser le combat		"Conduire, transporter vers un autre endroit."	http://kaiko.getalp.org/dbnary/fra/__ws_2_amener__verb__1
	I._B._3.a)UND-17	cesser le combat		(Figuré) Parvenir à faire adopter une opinion à quelqu’un.	http://kaiko.getalp.org/dbnary/fra/__ws_3_amener__verb__1
	I._B._3.a)UND-17	cesser le combat		Tirer à soi.	http://kaiko.getalp.org/dbnary/fra/__ws_4_amener__verb__1
	I._B._3.a)UND-17	cesser le combat		(Marine) Faire descendre.	http://kaiko.getalp.org/dbnary/fra/__ws_5_amener__verb__1
	I._B._3.a)UND-17	cesser le combat		(Marine) (Par extension) Baisser son pavillon pour marquer qu’on se rend à l’ennemi.	http://kaiko.getalp.org/dbnary/fra/__ws_6_amener__verb__1
	I._B._3.a)UND-17	cesser le combat		"(Figuré) Introduire, faire adopter, mettre en usage."	http://kaiko.getalp.org/dbnary/fra/__ws_7_amener__verb__1
	I._B._3.a)UND-17	cesser le combat		"Passer d’une chose à une autre qui la suit immédiatement, ou qui en est la conséquence."	http://kaiko.getalp.org/dbnary/fra/__ws_8_amener__verb__1
	I._B._3.a)UND-17	cesser le combat		(Pronominal) Venir.	http://kaiko.getalp.org/dbnary/fra/__ws_9_amener__verb__1
	I._B._3.a)UND-17	cesser le combat		Mener d’un lieu à un autre.	http://kaiko.getalp.org/dbnary/fra/__ws_1_amener__verb__1
	I._B._3.b)UND-18	"Faire sortir, jouer (un numéro, etc.)"		(Pronominal) Arriver.	http://kaiko.getalp.org/dbnary/fra/__ws_10_amener__verb__1
	I._B._3.b)UND-18	"Faire sortir, jouer (un numéro, etc.)"		"(Acadie) (Gaspésie) Mettre bas, en parlant des animaux."	http://kaiko.getalp.org/dbnary/fra/__ws_11_amener__verb__1
	I._B._3.b)UND-18	"Faire sortir, jouer (un numéro, etc.)"		"Conduire, transporter vers un autre endroit."	http://kaiko.getalp.org/dbnary/fra/__ws_2_amener__verb__1
	I._B._3.b)UND-18	"Faire sortir, jouer (un numéro, etc.)"		(Figuré) Parvenir à faire adopter une opinion à quelqu’un.	http://kaiko.getalp.org/dbnary/fra/__ws_3_amener__verb__1
	I._B._3.b)UND-18	"Faire sortir, jouer (un numéro, etc.)"		Tirer à soi.	http://kaiko.getalp.org/dbnary/fra/__ws_4_amener__verb__1
	I._B._3.b)UND-18	"Faire sortir, jouer (un numéro, etc.)"		(Marine) Faire descendre.	http://kaiko.getalp.org/dbnary/fra/__ws_5_amener__verb__1
	I._B._3.b)UND-18	"Faire sortir, jouer (un numéro, etc.)"		(Marine) (Par extension) Baisser son pavillon pour marquer qu’on se rend à l’ennemi.	http://kaiko.getalp.org/dbnary/fra/__ws_6_amener__verb__1
	I._B._3.b)UND-18	"Faire sortir, jouer (un numéro, etc.)"		"(Figuré) Introduire, faire adopter, mettre en usage."	http://kaiko.getalp.org/dbnary/fra/__ws_7_amener__verb__1
	I._B._3.b)UND-18	"Faire sortir, jouer (un numéro, etc.)"		"Passer d’une chose à une autre qui la suit immédiatement, ou qui en est la conséquence."	http://kaiko.getalp.org/dbnary/fra/__ws_8_amener__verb__1
	I._B._3.b)UND-18	"Faire sortir, jouer (un numéro, etc.)"		(Pronominal) Venir.	http://kaiko.getalp.org/dbnary/fra/__ws_9_amener__verb__1
	I._B._3.b)UND-18	"Faire sortir, jouer (un numéro, etc.)"		Mener d’un lieu à un autre.	http://kaiko.getalp.org/dbnary/fra/__ws_1_amener__verb__1
	I._B._3.b)UND-20	Produire des raisons.		(Pronominal) Arriver.	http://kaiko.getalp.org/dbnary/fra/__ws_10_amener__verb__1
	I._B._3.b)UND-20	Produire des raisons.		"(Acadie) (Gaspésie) Mettre bas, en parlant des animaux."	http://kaiko.getalp.org/dbnary/fra/__ws_11_amener__verb__1
	I._B._3.b)UND-20	Produire des raisons.		"Conduire, transporter vers un autre endroit."	http://kaiko.getalp.org/dbnary/fra/__ws_2_amener__verb__1
	I._B._3.b)UND-20	Produire des raisons.		(Figuré) Parvenir à faire adopter une opinion à quelqu’un.	http://kaiko.getalp.org/dbnary/fra/__ws_3_amener__verb__1
	I._B._3.b)UND-20	Produire des raisons.		Tirer à soi.	http://kaiko.getalp.org/dbnary/fra/__ws_4_amener__verb__1
	I._B._3.b)UND-20	Produire des raisons.		(Marine) Faire descendre.	http://kaiko.getalp.org/dbnary/fra/__ws_5_amener__verb__1
	I._B._3.b)UND-20	Produire des raisons.		(Marine) (Par extension) Baisser son pavillon pour marquer qu’on se rend à l’ennemi.	http://kaiko.getalp.org/dbnary/fra/__ws_6_amener__verb__1
	I._B._3.b)UND-20	Produire des raisons.		"(Figuré) Introduire, faire adopter, mettre en usage."	http://kaiko.getalp.org/dbnary/fra/__ws_7_amener__verb__1
	I._B._3.b)UND-20	Produire des raisons.		"Passer d’une chose à une autre qui la suit immédiatement, ou qui en est la conséquence."	http://kaiko.getalp.org/dbnary/fra/__ws_8_amener__verb__1
	I._B._3.b)UND-20	Produire des raisons.		(Pronominal) Venir.	http://kaiko.getalp.org/dbnary/fra/__ws_9_amener__verb__1
	I._B._3.b)UND-20	Produire des raisons.		Mener d’un lieu à un autre.	http://kaiko.getalp.org/dbnary/fra/__ws_1_amener__verb__1
	I._B._3.b)UND-23	"Produire, présenter."		(Pronominal) Arriver.	http://kaiko.getalp.org/dbnary/fra/__ws_10_amener__verb__1
	I._B._3.b)UND-23	"Produire, présenter."		"(Acadie) (Gaspésie) Mettre bas, en parlant des animaux."	http://kaiko.getalp.org/dbnary/fra/__ws_11_amener__verb__1
	I._B._3.b)UND-23	"Produire, présenter."		"Conduire, transporter vers un autre endroit."	http://kaiko.getalp.org/dbnary/fra/__ws_2_amener__verb__1
	I._B._3.b)UND-23	"Produire, présenter."		(Figuré) Parvenir à faire adopter une opinion à quelqu’un.	http://kaiko.getalp.org/dbnary/fra/__ws_3_amener__verb__1
	I._B._3.b)UND-23	"Produire, présenter."		Tirer à soi.	http://kaiko.getalp.org/dbnary/fra/__ws_4_amener__verb__1
	I._B._3.b)UND-23	"Produire, présenter."		(Marine) Faire descendre.	http://kaiko.getalp.org/dbnary/fra/__ws_5_amener__verb__1
	I._B._3.b)UND-23	"Produire, présenter."		(Marine) (Par extension) Baisser son pavillon pour marquer qu’on se rend à l’ennemi.	http://kaiko.getalp.org/dbnary/fra/__ws_6_amener__verb__1
	I._B._3.b)UND-23	"Produire, présenter."		"(Figuré) Introduire, faire adopter, mettre en usage."	http://kaiko.getalp.org/dbnary/fra/__ws_7_amener__verb__1
	I._B._3.b)UND-23	"Produire, présenter."		"Passer d’une chose à une autre qui la suit immédiatement, ou qui en est la conséquence."	http://kaiko.getalp.org/dbnary/fra/__ws_8_amener__verb__1
	I._B._3.b)UND-23	"Produire, présenter."		(Pronominal) Venir.	http://kaiko.getalp.org/dbnary/fra/__ws_9_amener__verb__1
	I._B._3.b)UND-23	"Produire, présenter."		Mener d’un lieu à un autre.	http://kaiko.getalp.org/dbnary/fra/__ws_1_amener__verb__1
	I._B._UND-13	Apporter		(Pronominal) Arriver.	http://kaiko.getalp.org/dbnary/fra/__ws_10_amener__verb__1
	I._B._UND-13	Apporter		"(Acadie) (Gaspésie) Mettre bas, en parlant des animaux."	http://kaiko.getalp.org/dbnary/fra/__ws_11_amener__verb__1
	I._B._UND-13	Apporter		"Conduire, transporter vers un autre endroit."	http://kaiko.getalp.org/dbnary/fra/__ws_2_amener__verb__1
	I._B._UND-13	Apporter		(Figuré) Parvenir à faire adopter une opinion à quelqu’un.	http://kaiko.getalp.org/dbnary/fra/__ws_3_amener__verb__1
	I._B._UND-13	Apporter		Tirer à soi.	http://kaiko.getalp.org/dbnary/fra/__ws_4_amener__verb__1
	I._B._UND-13	Apporter		(Marine) Faire descendre.	http://kaiko.getalp.org/dbnary/fra/__ws_5_amener__verb__1
	I._B._UND-13	Apporter		(Marine) (Par extension) Baisser son pavillon pour marquer qu’on se rend à l’ennemi.	http://kaiko.getalp.org/dbnary/fra/__ws_6_amener__verb__1
	I._B._UND-13	Apporter		"(Figuré) Introduire, faire adopter, mettre en usage."	http://kaiko.getalp.org/dbnary/fra/__ws_7_amener__verb__1
	I._B._UND-13	Apporter		"Passer d’une chose à une autre qui la suit immédiatement, ou qui en est la conséquence."	http://kaiko.getalp.org/dbnary/fra/__ws_8_amener__verb__1
	I._B._UND-13	Apporter		(Pronominal) Venir.	http://kaiko.getalp.org/dbnary/fra/__ws_9_amener__verb__1
	I._B._UND-13	Apporter		Mener d’un lieu à un autre.	http://kaiko.getalp.org/dbnary/fra/__ws_1_amener__verb__1
	I._UND-8	Le mener (pour ainsi dire par la main) au lieu où se trouve le sujet parlant ou indiqué par lui.		(Pronominal) Arriver.	http://kaiko.getalp.org/dbnary/fra/__ws_10_amener__verb__1
	I._UND-8	Le mener (pour ainsi dire par la main) au lieu où se trouve le sujet parlant ou indiqué par lui.		"(Acadie) (Gaspésie) Mettre bas, en parlant des animaux."	http://kaiko.getalp.org/dbnary/fra/__ws_11_amener__verb__1
	I._UND-8	Le mener (pour ainsi dire par la main) au lieu où se trouve le sujet parlant ou indiqué par lui.		"Conduire, transporter vers un autre endroit."	http://kaiko.getalp.org/dbnary/fra/__ws_2_amener__verb__1
	I._UND-8	Le mener (pour ainsi dire par la main) au lieu où se trouve le sujet parlant ou indiqué par lui.		(Figuré) Parvenir à faire adopter une opinion à quelqu’un.	http://kaiko.getalp.org/dbnary/fra/__ws_3_amener__verb__1
	I._UND-8	Le mener (pour ainsi dire par la main) au lieu où se trouve le sujet parlant ou indiqué par lui.		Tirer à soi.	http://kaiko.getalp.org/dbnary/fra/__ws_4_amener__verb__1
	I._UND-8	Le mener (pour ainsi dire par la main) au lieu où se trouve le sujet parlant ou indiqué par lui.		(Marine) Faire descendre.	http://kaiko.getalp.org/dbnary/fra/__ws_5_amener__verb__1
	I._UND-8	Le mener (pour ainsi dire par la main) au lieu où se trouve le sujet parlant ou indiqué par lui.		(Marine) (Par extension) Baisser son pavillon pour marquer qu’on se rend à l’ennemi.	http://kaiko.getalp.org/dbnary/fra/__ws_6_amener__verb__1
	I._UND-8	Le mener (pour ainsi dire par la main) au lieu où se trouve le sujet parlant ou indiqué par lui.		"(Figuré) Introduire, faire adopter, mettre en usage."	http://kaiko.getalp.org/dbnary/fra/__ws_7_amener__verb__1
	I._UND-8	Le mener (pour ainsi dire par la main) au lieu où se trouve le sujet parlant ou indiqué par lui.		"Passer d’une chose à une autre qui la suit immédiatement, ou qui en est la conséquence."	http://kaiko.getalp.org/dbnary/fra/__ws_8_amener__verb__1
	I._UND-8	Le mener (pour ainsi dire par la main) au lieu où se trouve le sujet parlant ou indiqué par lui.		(Pronominal) Venir.	http://kaiko.getalp.org/dbnary/fra/__ws_9_amener__verb__1
	I._UND-8	Le mener (pour ainsi dire par la main) au lieu où se trouve le sujet parlant ou indiqué par lui.		Mener d’un lieu à un autre.	http://kaiko.getalp.org/dbnary/fra/__ws_1_amener__verb__1
	II._A._3.UND-27	Mener progressivement		(Pronominal) Arriver.	http://kaiko.getalp.org/dbnary/fra/__ws_10_amener__verb__1
	II._A._3.UND-27	Mener progressivement		"(Acadie) (Gaspésie) Mettre bas, en parlant des animaux."	http://kaiko.getalp.org/dbnary/fra/__ws_11_amener__verb__1
	II._A._3.UND-27	Mener progressivement		"Conduire, transporter vers un autre endroit."	http://kaiko.getalp.org/dbnary/fra/__ws_2_amener__verb__1
	II._A._3.UND-27	Mener progressivement		(Figuré) Parvenir à faire adopter une opinion à quelqu’un.	http://kaiko.getalp.org/dbnary/fra/__ws_3_amener__verb__1
	II._A._3.UND-27	Mener progressivement		Tirer à soi.	http://kaiko.getalp.org/dbnary/fra/__ws_4_amener__verb__1
	II._A._3.UND-27	Mener progressivement		(Marine) Faire descendre.	http://kaiko.getalp.org/dbnary/fra/__ws_5_amener__verb__1
	II._A._3.UND-27	Mener progressivement		(Marine) (Par extension) Baisser son pavillon pour marquer qu’on se rend à l’ennemi.	http://kaiko.getalp.org/dbnary/fra/__ws_6_amener__verb__1
	II._A._3.UND-27	Mener progressivement		"(Figuré) Introduire, faire adopter, mettre en usage."	http://kaiko.getalp.org/dbnary/fra/__ws_7_amener__verb__1
	II._A._3.UND-27	Mener progressivement		"Passer d’une chose à une autre qui la suit immédiatement, ou qui en est la conséquence."	http://kaiko.getalp.org/dbnary/fra/__ws_8_amener__verb__1
	II._A._3.UND-27	Mener progressivement		(Pronominal) Venir.	http://kaiko.getalp.org/dbnary/fra/__ws_9_amener__verb__1
	II._A._3.UND-27	Mener progressivement		Mener d’un lieu à un autre.	http://kaiko.getalp.org/dbnary/fra/__ws_1_amener__verb__1
adroitement|adverb|					
https://www.cnrtl.fr/definition/2186					
http://kaiko.getalp.org/dbnary/fra/adroitement__adv__1					
	UND_1	"D'une manière adroite, avec adresse."		"D’une manière adroite ; avec adresse, dextérité ou souplesse de corps ou d’esprit."	http://kaiko.getalp.org/dbnary/fra/__ws_1_adroitement__adv__1