Headword|POS|Gender	TLFi sense Ids	TLFi senses	Mathieu	Bruno	Hee-Soo	Wiktionnaire senses	Wiktionnaire sense Ids					
gazon|noun|masculine												
https://www.cnrtl.fr/definition/37088												
http://kaiko.getalp.org/dbnary/fra/gazon__nom__1												
	A._2.UND-2	"Motte de terre carrée couverte de gazon que l'on découpe à la pelle, soit pour faire des pelouses artificielles, soit pour construire des cabanes, des digues, des rives, etc."	related	related	related	(Par métonymie) Surface couverte de cette herbe.	http://kaiko.getalp.org/dbnary/fra/__ws_4_gazon__nom__1	pas tout à fait				
	A._2.UND-2	"Motte de terre carrée couverte de gazon que l'on découpe à la pelle, soit pour faire des pelouses artificielles, soit pour construire des cabanes, des digues, des rives, etc."	related	related	related	"(Jardinage) Herbe courte et fine, le plus souvent en parlant des graminées et spécialement un mélange de ray-grass anglais, de fétuques et d’agrostis."	http://kaiko.getalp.org/dbnary/fra/__ws_2_gazon__nom__1					
	A._2.UND-2	"Motte de terre carrée couverte de gazon que l'on découpe à la pelle, soit pour faire des pelouses artificielles, soit pour construire des cabanes, des digues, des rives, etc."	none	none	none	(Familier) (Vieilli) Chevelure.	http://kaiko.getalp.org/dbnary/fra/__ws_6_gazon__nom__1					
	A._2.UND-2	"Motte de terre carrée couverte de gazon que l'on découpe à la pelle, soit pour faire des pelouses artificielles, soit pour construire des cabanes, des digues, des rives, etc."	related	related	related	(Botanique) Végétation courte de plantes herbacées.	http://kaiko.getalp.org/dbnary/fra/__ws_1_gazon__nom__1					
	A._2.UND-2	"Motte de terre carrée couverte de gazon que l'on découpe à la pelle, soit pour faire des pelouses artificielles, soit pour construire des cabanes, des digues, des rives, etc."	exact	exact	exact	(Jardinage) Motte ou plaque de terre couverte d’herbe que l’on découpe à la bêche ou avec une machine et qui sert à recouvrir une surface dépourvue de végétation.	http://kaiko.getalp.org/dbnary/fra/__ws_5_gazon__nom__1					
	A._2.UND-2	"Motte de terre carrée couverte de gazon que l'on découpe à la pelle, soit pour faire des pelouses artificielles, soit pour construire des cabanes, des digues, des rives, etc."	related	none	related	"(Spécialement) (Histoire) Épaisseur de la végétation, feuilles et racines, qui pouvait être soumis à l’essartage."	http://kaiko.getalp.org/dbnary/fra/__ws_3_gazon__nom__1					
	A._UND-4	Cheveux.	none	none	none	(Par métonymie) Surface couverte de cette herbe.	http://kaiko.getalp.org/dbnary/fra/__ws_4_gazon__nom__1					
	A._UND-4	Cheveux.	none	none	none	"(Jardinage) Herbe courte et fine, le plus souvent en parlant des graminées et spécialement un mélange de ray-grass anglais, de fétuques et d’agrostis."	http://kaiko.getalp.org/dbnary/fra/__ws_2_gazon__nom__1					
	A._UND-4	Cheveux.	exact	exact	exact	(Familier) (Vieilli) Chevelure.	http://kaiko.getalp.org/dbnary/fra/__ws_6_gazon__nom__1					
	A._UND-4	Cheveux.	none	none	none	(Botanique) Végétation courte de plantes herbacées.	http://kaiko.getalp.org/dbnary/fra/__ws_1_gazon__nom__1					
	A._UND-4	Cheveux.	none	none	none	(Jardinage) Motte ou plaque de terre couverte d’herbe que l’on découpe à la bêche ou avec une machine et qui sert à recouvrir une surface dépourvue de végétation.	http://kaiko.getalp.org/dbnary/fra/__ws_5_gazon__nom__1					
	A._UND-4	Cheveux.	none	none	none	"(Spécialement) (Histoire) Épaisseur de la végétation, feuilles et racines, qui pouvait être soumis à l’essartage."	http://kaiko.getalp.org/dbnary/fra/__ws_3_gazon__nom__1					
	UND-5	Herbe très courte et très fine.	related	related	related	(Par métonymie) Surface couverte de cette herbe.	http://kaiko.getalp.org/dbnary/fra/__ws_4_gazon__nom__1					
	UND-5	Herbe très courte et très fine.	exact	exact	exact	"(Jardinage) Herbe courte et fine, le plus souvent en parlant des graminées et spécialement un mélange de ray-grass anglais, de fétuques et d’agrostis."	http://kaiko.getalp.org/dbnary/fra/__ws_2_gazon__nom__1					
	UND-5	Herbe très courte et très fine.	none	none	none	(Familier) (Vieilli) Chevelure.	http://kaiko.getalp.org/dbnary/fra/__ws_6_gazon__nom__1					
	UND-5	Herbe très courte et très fine.	related	related	exact	(Botanique) Végétation courte de plantes herbacées.	http://kaiko.getalp.org/dbnary/fra/__ws_1_gazon__nom__1					
	UND-5	Herbe très courte et très fine.	related	related	related	(Jardinage) Motte ou plaque de terre couverte d’herbe que l’on découpe à la bêche ou avec une machine et qui sert à recouvrir une surface dépourvue de végétation.	http://kaiko.getalp.org/dbnary/fra/__ws_5_gazon__nom__1					
	UND-5	Herbe très courte et très fine.	related	related	related	"(Spécialement) (Histoire) Épaisseur de la végétation, feuilles et racines, qui pouvait être soumis à l’essartage."	http://kaiko.getalp.org/dbnary/fra/__ws_3_gazon__nom__1					
	UND-6	Surface couverte d'herbe courte et fine.	exact	exact	exact	(Par métonymie) Surface couverte de cette herbe.	http://kaiko.getalp.org/dbnary/fra/__ws_4_gazon__nom__1					
	UND-6	Surface couverte d'herbe courte et fine.	related	related	related	"(Jardinage) Herbe courte et fine, le plus souvent en parlant des graminées et spécialement un mélange de ray-grass anglais, de fétuques et d’agrostis."	http://kaiko.getalp.org/dbnary/fra/__ws_2_gazon__nom__1					
	UND-6	Surface couverte d'herbe courte et fine.	none	none	none	(Familier) (Vieilli) Chevelure.	http://kaiko.getalp.org/dbnary/fra/__ws_6_gazon__nom__1					
	UND-6	Surface couverte d'herbe courte et fine.	related	related	exact	(Botanique) Végétation courte de plantes herbacées.	http://kaiko.getalp.org/dbnary/fra/__ws_1_gazon__nom__1					
	UND-6	Surface couverte d'herbe courte et fine.	related	related	related	(Jardinage) Motte ou plaque de terre couverte d’herbe que l’on découpe à la bêche ou avec une machine et qui sert à recouvrir une surface dépourvue de végétation.	http://kaiko.getalp.org/dbnary/fra/__ws_5_gazon__nom__1					
	UND-6	Surface couverte d'herbe courte et fine.	related	related	related	"(Spécialement) (Histoire) Épaisseur de la végétation, feuilles et racines, qui pouvait être soumis à l’essartage."	http://kaiko.getalp.org/dbnary/fra/__ws_3_gazon__nom__1					
favoriser|verb|												
https://www.cnrtl.fr/definition/33751												
http://kaiko.getalp.org/dbnary/fra/favoriser__verb__1												
	A._UND-2	Donner plus qu'à un autre	related	related	related	Traiter avec les signes d’une préférence ou d'une bienveillance marquée.	http://kaiko.getalp.org/dbnary/fra/__ws_1_favoriser__verb__1					
	A._UND-2	Donner plus qu'à un autre	related	none	related	"Gratifier quelqu’un d’un avantage ou de quelque chose agréable, conforme à ses souhaits, à ses désirs."	http://kaiko.getalp.org/dbnary/fra/__ws_2_favoriser__verb__1					
	A._UND-2	Donner plus qu'à un autre	none	none	none	(Par extension) (Courant) Aider ; contribuer à.	http://kaiko.getalp.org/dbnary/fra/__ws_3_favoriser__verb__1					
	A._UND-2	Donner plus qu'à un autre	none	none	related	(Par extension) Gratifier.	http://kaiko.getalp.org/dbnary/fra/__ws_4_favoriser__verb__1					
	B._1.UND-6	Gratifier (quelqu'un) de (quelque chose).	none	related	none	Traiter avec les signes d’une préférence ou d'une bienveillance marquée.	http://kaiko.getalp.org/dbnary/fra/__ws_1_favoriser__verb__1					
	B._1.UND-6	Gratifier (quelqu'un) de (quelque chose).	related	related	exact	"Gratifier quelqu’un d’un avantage ou de quelque chose agréable, conforme à ses souhaits, à ses désirs."	http://kaiko.getalp.org/dbnary/fra/__ws_2_favoriser__verb__1					
	B._1.UND-6	Gratifier (quelqu'un) de (quelque chose).	none	none	related	(Par extension) (Courant) Aider ; contribuer à.	http://kaiko.getalp.org/dbnary/fra/__ws_3_favoriser__verb__1					
	B._1.UND-6	Gratifier (quelqu'un) de (quelque chose).	related	exact	exact	(Par extension) Gratifier.	http://kaiko.getalp.org/dbnary/fra/__ws_4_favoriser__verb__1					
	B._1.b)UND-7	"Donner ses faveurs (à quelqu'un), lui manifester son amour par des marques déterminées."	related	exact	exact	Traiter avec les signes d’une préférence ou d'une bienveillance marquée.	http://kaiko.getalp.org/dbnary/fra/__ws_1_favoriser__verb__1					
	B._1.b)UND-7	"Donner ses faveurs (à quelqu'un), lui manifester son amour par des marques déterminées."	related	related	none	"Gratifier quelqu’un d’un avantage ou de quelque chose agréable, conforme à ses souhaits, à ses désirs."	http://kaiko.getalp.org/dbnary/fra/__ws_2_favoriser__verb__1					
	B._1.b)UND-7	"Donner ses faveurs (à quelqu'un), lui manifester son amour par des marques déterminées."	related	none	none	(Par extension) (Courant) Aider ; contribuer à.	http://kaiko.getalp.org/dbnary/fra/__ws_3_favoriser__verb__1					
	B._1.b)UND-7	"Donner ses faveurs (à quelqu'un), lui manifester son amour par des marques déterminées."	related	none	none	(Par extension) Gratifier.	http://kaiko.getalp.org/dbnary/fra/__ws_4_favoriser__verb__1					
	B._2.UND-12	"Soutenir, rendre possible (une action, un comportement)."	none	none	none	Traiter avec les signes d’une préférence ou d'une bienveillance marquée.	http://kaiko.getalp.org/dbnary/fra/__ws_1_favoriser__verb__1					
	B._2.UND-12	"Soutenir, rendre possible (une action, un comportement)."	related	none	none	"Gratifier quelqu’un d’un avantage ou de quelque chose agréable, conforme à ses souhaits, à ses désirs."	http://kaiko.getalp.org/dbnary/fra/__ws_2_favoriser__verb__1					
	B._2.UND-12	"Soutenir, rendre possible (une action, un comportement)."	exact	related	exact	(Par extension) (Courant) Aider ; contribuer à.	http://kaiko.getalp.org/dbnary/fra/__ws_3_favoriser__verb__1					
	B._2.UND-12	"Soutenir, rendre possible (une action, un comportement)."	related	none	none	(Par extension) Gratifier.	http://kaiko.getalp.org/dbnary/fra/__ws_4_favoriser__verb__1					
	B._2.UND-15	"Apporter son aide, être favorable à."	none	none	none	Traiter avec les signes d’une préférence ou d'une bienveillance marquée.	http://kaiko.getalp.org/dbnary/fra/__ws_1_favoriser__verb__1					
	B._2.UND-15	"Apporter son aide, être favorable à."	related	none	none	"Gratifier quelqu’un d’un avantage ou de quelque chose agréable, conforme à ses souhaits, à ses désirs."	http://kaiko.getalp.org/dbnary/fra/__ws_2_favoriser__verb__1					
	B._2.UND-15	"Apporter son aide, être favorable à."	exact	exact	exact	(Par extension) (Courant) Aider ; contribuer à.	http://kaiko.getalp.org/dbnary/fra/__ws_3_favoriser__verb__1					
	B._2.UND-15	"Apporter son aide, être favorable à."	none	none	none	(Par extension) Gratifier.	http://kaiko.getalp.org/dbnary/fra/__ws_4_favoriser__verb__1					
	B._2.b)UND-14	"Être favorable, faciliter l'action de quelqu'un, le déroulement des événements."	related	none	none	Traiter avec les signes d’une préférence ou d'une bienveillance marquée.	http://kaiko.getalp.org/dbnary/fra/__ws_1_favoriser__verb__1					
	B._2.b)UND-14	"Être favorable, faciliter l'action de quelqu'un, le déroulement des événements."	related	none	related	"Gratifier quelqu’un d’un avantage ou de quelque chose agréable, conforme à ses souhaits, à ses désirs."	http://kaiko.getalp.org/dbnary/fra/__ws_2_favoriser__verb__1					
	B._2.b)UND-14	"Être favorable, faciliter l'action de quelqu'un, le déroulement des événements."	exact	related	related	(Par extension) (Courant) Aider ; contribuer à.	http://kaiko.getalp.org/dbnary/fra/__ws_3_favoriser__verb__1					
	B._2.b)UND-14	"Être favorable, faciliter l'action de quelqu'un, le déroulement des événements."	related	none	none	(Par extension) Gratifier.	http://kaiko.getalp.org/dbnary/fra/__ws_4_favoriser__verb__1					
	UND-3	Traiter (quelqu'un) avec une bienveillance particulière.	exact	exact	exact	Traiter avec les signes d’une préférence ou d'une bienveillance marquée.	http://kaiko.getalp.org/dbnary/fra/__ws_1_favoriser__verb__1	pas extactement la même chose mais presque				
	UND-3	Traiter (quelqu'un) avec une bienveillance particulière.	related	related	none	"Gratifier quelqu’un d’un avantage ou de quelque chose agréable, conforme à ses souhaits, à ses désirs."	http://kaiko.getalp.org/dbnary/fra/__ws_2_favoriser__verb__1					
	UND-3	Traiter (quelqu'un) avec une bienveillance particulière.	related	none	none	(Par extension) (Courant) Aider ; contribuer à.	http://kaiko.getalp.org/dbnary/fra/__ws_3_favoriser__verb__1					
	UND-3	Traiter (quelqu'un) avec une bienveillance particulière.	none	none	none	(Par extension) Gratifier.	http://kaiko.getalp.org/dbnary/fra/__ws_4_favoriser__verb__1					
ajourner|verb|												
https://www.cnrtl.fr/definition/4293												
http://kaiko.getalp.org/dbnary/fra/ajourner__verb__1												
	I._A._UND-1	"Assigner quelqu'un à comparaître à un jour fixé et en personne devant un juge, un tribunal"	related	related	none	Remettre à un autre jour la poursuite d'une affaire.	http://kaiko.getalp.org/dbnary/fra/__ws_1_ajourner__verb__1					
	I._A._UND-1	"Assigner quelqu'un à comparaître à un jour fixé et en personne devant un juge, un tribunal"	related	related	none	"Renvoyer, en matière de délibération, à un certain jour ou à un temps indéterminé."	http://kaiko.getalp.org/dbnary/fra/__ws_2_ajourner__verb__1					
	I._A._UND-1	"Assigner quelqu'un à comparaître à un jour fixé et en personne devant un juge, un tribunal"	exact	exact	exact	(Justice) Assigner quelqu’un à un certain jour en justice.	http://kaiko.getalp.org/dbnary/fra/__ws_3_ajourner__verb__1					
	I._B._1.UND-2	"Remettre à une autre date (déterminée ou indéterminée) la poursuite d'une affaire judiciaire, une sentence, etc. :"	exact	exact	exact	Remettre à un autre jour la poursuite d'une affaire.	http://kaiko.getalp.org/dbnary/fra/__ws_1_ajourner__verb__1					
	I._B._1.UND-2	"Remettre à une autre date (déterminée ou indéterminée) la poursuite d'une affaire judiciaire, une sentence, etc. :"	related	related	related	"Renvoyer, en matière de délibération, à un certain jour ou à un temps indéterminé."	http://kaiko.getalp.org/dbnary/fra/__ws_2_ajourner__verb__1					
	I._B._1.UND-2	"Remettre à une autre date (déterminée ou indéterminée) la poursuite d'une affaire judiciaire, une sentence, etc. :"	related	related	none	(Justice) Assigner quelqu’un à un certain jour en justice.	http://kaiko.getalp.org/dbnary/fra/__ws_3_ajourner__verb__1					
	I._B._1.UND-3	Ajourner qqn. Renvoyer à plus tard une sentence le concernant :	related	none	related	Remettre à un autre jour la poursuite d'une affaire.	http://kaiko.getalp.org/dbnary/fra/__ws_1_ajourner__verb__1					
	I._B._1.UND-3	Ajourner qqn. Renvoyer à plus tard une sentence le concernant :	exact	none	exact	"Renvoyer, en matière de délibération, à un certain jour ou à un temps indéterminé."	http://kaiko.getalp.org/dbnary/fra/__ws_2_ajourner__verb__1					
	I._B._1.UND-3	Ajourner qqn. Renvoyer à plus tard une sentence le concernant :	related	related	none	(Justice) Assigner quelqu’un à un certain jour en justice.	http://kaiko.getalp.org/dbnary/fra/__ws_3_ajourner__verb__1					
	I._B._UND-4	Remettre à une date ultérieure (déterminée ou indéterminée) une réunion	related	related	none	Remettre à un autre jour la poursuite d'une affaire.	http://kaiko.getalp.org/dbnary/fra/__ws_1_ajourner__verb__1					
	I._B._UND-4	Remettre à une date ultérieure (déterminée ou indéterminée) une réunion	exact	none	exact	"Renvoyer, en matière de délibération, à un certain jour ou à un temps indéterminé."	http://kaiko.getalp.org/dbnary/fra/__ws_2_ajourner__verb__1					
	I._B._UND-4	Remettre à une date ultérieure (déterminée ou indéterminée) une réunion	none	none	none	(Justice) Assigner quelqu’un à un certain jour en justice.	http://kaiko.getalp.org/dbnary/fra/__ws_3_ajourner__verb__1					
	I._C._UND-6	Refuser un candidat à un examen et le renvoyer à une session ultérieure	none	none	none	Remettre à un autre jour la poursuite d'une affaire.	http://kaiko.getalp.org/dbnary/fra/__ws_1_ajourner__verb__1					
	I._C._UND-6	Refuser un candidat à un examen et le renvoyer à une session ultérieure	none	none	related	"Renvoyer, en matière de délibération, à un certain jour ou à un temps indéterminé."	http://kaiko.getalp.org/dbnary/fra/__ws_2_ajourner__verb__1					
	I._C._UND-6	Refuser un candidat à un examen et le renvoyer à une session ultérieure	none	none	none	(Justice) Assigner quelqu’un à un certain jour en justice.	http://kaiko.getalp.org/dbnary/fra/__ws_3_ajourner__verb__1					
	I._D._1.UND-7	Fixer pour cette date une décision concernant une personne	none	related	none	Remettre à un autre jour la poursuite d'une affaire.	http://kaiko.getalp.org/dbnary/fra/__ws_1_ajourner__verb__1					
	I._D._1.UND-7	Fixer pour cette date une décision concernant une personne	related	related	none	"Renvoyer, en matière de délibération, à un certain jour ou à un temps indéterminé."	http://kaiko.getalp.org/dbnary/fra/__ws_2_ajourner__verb__1					
	I._D._1.UND-7	Fixer pour cette date une décision concernant une personne	none	none	none	(Justice) Assigner quelqu’un à un certain jour en justice.	http://kaiko.getalp.org/dbnary/fra/__ws_3_ajourner__verb__1					
	I._D._2.UND-9	Remettre à plus tard l'examen d'un fait	related	none	related	Remettre à un autre jour la poursuite d'une affaire.	http://kaiko.getalp.org/dbnary/fra/__ws_1_ajourner__verb__1					
	I._D._2.UND-9	Remettre à plus tard l'examen d'un fait	related	none	related	"Renvoyer, en matière de délibération, à un certain jour ou à un temps indéterminé."	http://kaiko.getalp.org/dbnary/fra/__ws_2_ajourner__verb__1					
	I._D._2.UND-9	Remettre à plus tard l'examen d'un fait	none	none	none	(Justice) Assigner quelqu’un à un certain jour en justice.	http://kaiko.getalp.org/dbnary/fra/__ws_3_ajourner__verb__1					
	I._UND-11	Remettre à plus tard.	related	related	related	Remettre à un autre jour la poursuite d'une affaire.	http://kaiko.getalp.org/dbnary/fra/__ws_1_ajourner__verb__1					
	I._UND-11	Remettre à plus tard.	related	related	related	"Renvoyer, en matière de délibération, à un certain jour ou à un temps indéterminé."	http://kaiko.getalp.org/dbnary/fra/__ws_2_ajourner__verb__1					
	I._UND-11	Remettre à plus tard.	none	none	none	(Justice) Assigner quelqu’un à un certain jour en justice.	http://kaiko.getalp.org/dbnary/fra/__ws_3_ajourner__verb__1					
	II._UND-13	Remettre à plus tard une décision	related	related	none	Remettre à un autre jour la poursuite d'une affaire.	http://kaiko.getalp.org/dbnary/fra/__ws_1_ajourner__verb__1					
	II._UND-13	Remettre à plus tard une décision	related	related	exact	"Renvoyer, en matière de délibération, à un certain jour ou à un temps indéterminé."	http://kaiko.getalp.org/dbnary/fra/__ws_2_ajourner__verb__1					
	II._UND-13	Remettre à plus tard une décision	none	none	none	(Justice) Assigner quelqu’un à un certain jour en justice.	http://kaiko.getalp.org/dbnary/fra/__ws_3_ajourner__verb__1					
	III._1.UND-15	[Le suj. désigne une pers.]  Renvoyer à plus tard une décision la concernant elle-même	related	none	none	Remettre à un autre jour la poursuite d'une affaire.	http://kaiko.getalp.org/dbnary/fra/__ws_1_ajourner__verb__1					
	III._1.UND-15	[Le suj. désigne une pers.]  Renvoyer à plus tard une décision la concernant elle-même	related	none	exact	"Renvoyer, en matière de délibération, à un certain jour ou à un temps indéterminé."	http://kaiko.getalp.org/dbnary/fra/__ws_2_ajourner__verb__1					
	III._1.UND-15	[Le suj. désigne une pers.]  Renvoyer à plus tard une décision la concernant elle-même	none	none	none	(Justice) Assigner quelqu’un à un certain jour en justice.	http://kaiko.getalp.org/dbnary/fra/__ws_3_ajourner__verb__1					
augmenter|verb|												
https://www.cnrtl.fr/definition/10030												
http://kaiko.getalp.org/dbnary/fra/augmenter__verb__1												
	I._A._UND-1	"En accroître l'étendue, l'importance."	related	related	exact	Rendre une quantité plus grande.	http://kaiko.getalp.org/dbnary/fra/__ws_1_augmenter__verb__1					
	I._A._UND-1	"En accroître l'étendue, l'importance."	related	none	none	Accroitre le salaire d’une personne.	http://kaiko.getalp.org/dbnary/fra/__ws_2_augmenter__verb__1					
	I._A._UND-1	"En accroître l'étendue, l'importance."	related	none	exact	"(Intransitif) Devenir plus grand, plus important ou plus intense."	http://kaiko.getalp.org/dbnary/fra/__ws_3_augmenter__verb__1					
	I._A._UND-1	"En accroître l'étendue, l'importance."	none	none	related	"(Intransitif) Pour une marchandise, devenir plus chère."	http://kaiko.getalp.org/dbnary/fra/__ws_4_augmenter__verb__1					
	I._A._UND-1	"En accroître l'étendue, l'importance."	related	none	related	(Pronominal) S’accroitre.	http://kaiko.getalp.org/dbnary/fra/__ws_5_augmenter__verb__1					
	I._B._UND-3	"Rehausser quelqu'un, l'élever, le faire se développer et grandir"	none	related	exact	Rendre une quantité plus grande.	http://kaiko.getalp.org/dbnary/fra/__ws_1_augmenter__verb__1					
	I._B._UND-3	"Rehausser quelqu'un, l'élever, le faire se développer et grandir"	none	none	none	Accroitre le salaire d’une personne.	http://kaiko.getalp.org/dbnary/fra/__ws_2_augmenter__verb__1					
	I._B._UND-3	"Rehausser quelqu'un, l'élever, le faire se développer et grandir"	related	none	related	"(Intransitif) Devenir plus grand, plus important ou plus intense."	http://kaiko.getalp.org/dbnary/fra/__ws_3_augmenter__verb__1					
	I._B._UND-3	"Rehausser quelqu'un, l'élever, le faire se développer et grandir"	none	none	none	"(Intransitif) Pour une marchandise, devenir plus chère."	http://kaiko.getalp.org/dbnary/fra/__ws_4_augmenter__verb__1					
	I._B._UND-3	"Rehausser quelqu'un, l'élever, le faire se développer et grandir"	related	none	related	(Pronominal) S’accroitre.	http://kaiko.getalp.org/dbnary/fra/__ws_5_augmenter__verb__1					
	I._B._UND-4	"Donner à quelqu'un un salaire, un traitement plus élevé"	none	related	none	Rendre une quantité plus grande.	http://kaiko.getalp.org/dbnary/fra/__ws_1_augmenter__verb__1					
	I._B._UND-4	"Donner à quelqu'un un salaire, un traitement plus élevé"	exact	exact	exact	Accroitre le salaire d’une personne.	http://kaiko.getalp.org/dbnary/fra/__ws_2_augmenter__verb__1					
	I._B._UND-4	"Donner à quelqu'un un salaire, un traitement plus élevé"	none	none	none	"(Intransitif) Devenir plus grand, plus important ou plus intense."	http://kaiko.getalp.org/dbnary/fra/__ws_3_augmenter__verb__1					
	I._B._UND-4	"Donner à quelqu'un un salaire, un traitement plus élevé"	none	none	none	"(Intransitif) Pour une marchandise, devenir plus chère."	http://kaiko.getalp.org/dbnary/fra/__ws_4_augmenter__verb__1					
	I._B._UND-4	"Donner à quelqu'un un salaire, un traitement plus élevé"	none	none	none	(Pronominal) S’accroitre.	http://kaiko.getalp.org/dbnary/fra/__ws_5_augmenter__verb__1					
	I._UND-2	"Rendre plus grand (en quantité, en durée, etc.), plus fort (en intensité), en ajoutant à ce qui existe quelque chose de même nature."	related	exact	exact	Rendre une quantité plus grande.	http://kaiko.getalp.org/dbnary/fra/__ws_1_augmenter__verb__1					
	I._UND-2	"Rendre plus grand (en quantité, en durée, etc.), plus fort (en intensité), en ajoutant à ce qui existe quelque chose de même nature."	related	related	none	Accroitre le salaire d’une personne.	http://kaiko.getalp.org/dbnary/fra/__ws_2_augmenter__verb__1					
	I._UND-2	"Rendre plus grand (en quantité, en durée, etc.), plus fort (en intensité), en ajoutant à ce qui existe quelque chose de même nature."	related	none	related	"(Intransitif) Devenir plus grand, plus important ou plus intense."	http://kaiko.getalp.org/dbnary/fra/__ws_3_augmenter__verb__1					
	I._UND-2	"Rendre plus grand (en quantité, en durée, etc.), plus fort (en intensité), en ajoutant à ce qui existe quelque chose de même nature."	related	none	none	"(Intransitif) Pour une marchandise, devenir plus chère."	http://kaiko.getalp.org/dbnary/fra/__ws_4_augmenter__verb__1					
	I._UND-2	"Rendre plus grand (en quantité, en durée, etc.), plus fort (en intensité), en ajoutant à ce qui existe quelque chose de même nature."	related	none	related	(Pronominal) S’accroitre.	http://kaiko.getalp.org/dbnary/fra/__ws_5_augmenter__verb__1					
	II._A._2.UND-8	Devenir plus cher.	related	none	none	Rendre une quantité plus grande.	http://kaiko.getalp.org/dbnary/fra/__ws_1_augmenter__verb__1					
	II._A._2.UND-8	Devenir plus cher.	none	none	none	Accroitre le salaire d’une personne.	http://kaiko.getalp.org/dbnary/fra/__ws_2_augmenter__verb__1					
	II._A._2.UND-8	Devenir plus cher.	none	related	none	"(Intransitif) Devenir plus grand, plus important ou plus intense."	http://kaiko.getalp.org/dbnary/fra/__ws_3_augmenter__verb__1					
	II._A._2.UND-8	Devenir plus cher.	exact	related	exact	"(Intransitif) Pour une marchandise, devenir plus chère."	http://kaiko.getalp.org/dbnary/fra/__ws_4_augmenter__verb__1					
	II._A._2.UND-8	Devenir plus cher.	related	related	none	(Pronominal) S’accroitre.	http://kaiko.getalp.org/dbnary/fra/__ws_5_augmenter__verb__1					
	II._A._2.UND-9	Devenir plus élevé :	related	none	related	Rendre une quantité plus grande.	http://kaiko.getalp.org/dbnary/fra/__ws_1_augmenter__verb__1					
	II._A._2.UND-9	Devenir plus élevé :	related	none	none	Accroitre le salaire d’une personne.	http://kaiko.getalp.org/dbnary/fra/__ws_2_augmenter__verb__1					
	II._A._2.UND-9	Devenir plus élevé :	related	related	exact	"(Intransitif) Devenir plus grand, plus important ou plus intense."	http://kaiko.getalp.org/dbnary/fra/__ws_3_augmenter__verb__1					
	II._A._2.UND-9	Devenir plus élevé :	related	related	none	"(Intransitif) Pour une marchandise, devenir plus chère."	http://kaiko.getalp.org/dbnary/fra/__ws_4_augmenter__verb__1					
	II._A._2.UND-9	Devenir plus élevé :	related	related	none	(Pronominal) S’accroitre.	http://kaiko.getalp.org/dbnary/fra/__ws_5_augmenter__verb__1					
	II._A._UND-7	"Devenir plus grand en quantité, qualité, durée, intensité, volume."	related	none	exact	Rendre une quantité plus grande.	http://kaiko.getalp.org/dbnary/fra/__ws_1_augmenter__verb__1					
	II._A._UND-7	"Devenir plus grand en quantité, qualité, durée, intensité, volume."	related	none	none	Accroitre le salaire d’une personne.	http://kaiko.getalp.org/dbnary/fra/__ws_2_augmenter__verb__1					
	II._A._UND-7	"Devenir plus grand en quantité, qualité, durée, intensité, volume."	related	exact	exact	"(Intransitif) Devenir plus grand, plus important ou plus intense."	http://kaiko.getalp.org/dbnary/fra/__ws_3_augmenter__verb__1					
	II._A._UND-7	"Devenir plus grand en quantité, qualité, durée, intensité, volume."	related	related	none	"(Intransitif) Pour une marchandise, devenir plus chère."	http://kaiko.getalp.org/dbnary/fra/__ws_4_augmenter__verb__1					
	II._A._UND-7	"Devenir plus grand en quantité, qualité, durée, intensité, volume."	related	exact	related	(Pronominal) S’accroitre.	http://kaiko.getalp.org/dbnary/fra/__ws_5_augmenter__verb__1					
	II._B._2.UND-11	Soumettre une surface plus grande de voile à l'action du vent	none	related	none	Rendre une quantité plus grande.	http://kaiko.getalp.org/dbnary/fra/__ws_1_augmenter__verb__1					
	II._B._2.UND-11	Soumettre une surface plus grande de voile à l'action du vent	none	none	none	Accroitre le salaire d’une personne.	http://kaiko.getalp.org/dbnary/fra/__ws_2_augmenter__verb__1					
	II._B._2.UND-11	Soumettre une surface plus grande de voile à l'action du vent	related	none	none	"(Intransitif) Devenir plus grand, plus important ou plus intense."	http://kaiko.getalp.org/dbnary/fra/__ws_3_augmenter__verb__1					
	II._B._2.UND-11	Soumettre une surface plus grande de voile à l'action du vent	none	none	none	"(Intransitif) Pour une marchandise, devenir plus chère."	http://kaiko.getalp.org/dbnary/fra/__ws_4_augmenter__verb__1					
	II._B._2.UND-11	Soumettre une surface plus grande de voile à l'action du vent	related	none	none	(Pronominal) S’accroitre.	http://kaiko.getalp.org/dbnary/fra/__ws_5_augmenter__verb__1					
tracasser|verb|												
https://www.cnrtl.fr/definition/86191												
http://kaiko.getalp.org/dbnary/fra/tracasser__verb__1												
	A._UND-1	"Se démener inutilement, s'agiter vainement."	related	exact	exact	"(Intransitif) (Vieilli) Aller et venir, s’agiter, se tourmenter pour peu de chose."	http://kaiko.getalp.org/dbnary/fra/__ws_1_tracasser__verb__1					
	A._UND-1	"Se démener inutilement, s'agiter vainement."	related	none	none	(Transitif) ou (Pronominal) (Familier) Inquiéter ou tourmenter quelqu’un.	http://kaiko.getalp.org/dbnary/fra/__ws_2_tracasser__verb__1					
	A._UND-2	"S'ingénier à provoquer des difficultés, à susciter des soucis."	none	none	related	"(Intransitif) (Vieilli) Aller et venir, s’agiter, se tourmenter pour peu de chose."	http://kaiko.getalp.org/dbnary/fra/__ws_1_tracasser__verb__1					
	A._UND-2	"S'ingénier à provoquer des difficultés, à susciter des soucis."	none	exact	related	(Transitif) ou (Pronominal) (Familier) Inquiéter ou tourmenter quelqu’un.	http://kaiko.getalp.org/dbnary/fra/__ws_2_tracasser__verb__1					
	B._1.UND-4	"Donner du souci à quelqu'un, lui causer des difficultés."	none	none	none	"(Intransitif) (Vieilli) Aller et venir, s’agiter, se tourmenter pour peu de chose."	http://kaiko.getalp.org/dbnary/fra/__ws_1_tracasser__verb__1					
	B._1.UND-4	"Donner du souci à quelqu'un, lui causer des difficultés."	exact	exact	exact	(Transitif) ou (Pronominal) (Familier) Inquiéter ou tourmenter quelqu’un.	http://kaiko.getalp.org/dbnary/fra/__ws_2_tracasser__verb__1					
	B._1.UND-5	"Être sollicité, tiraillé par des désirs impérieux."	none	related	none	"(Intransitif) (Vieilli) Aller et venir, s’agiter, se tourmenter pour peu de chose."	http://kaiko.getalp.org/dbnary/fra/__ws_1_tracasser__verb__1					
	B._1.UND-5	"Être sollicité, tiraillé par des désirs impérieux."	none	none	none	(Transitif) ou (Pronominal) (Familier) Inquiéter ou tourmenter quelqu’un.	http://kaiko.getalp.org/dbnary/fra/__ws_2_tracasser__verb__1					
	B._UND-6	"Ne pas cesser de remuer, d'agiter, de solliciter quelque chose."	none	related	exact	"(Intransitif) (Vieilli) Aller et venir, s’agiter, se tourmenter pour peu de chose."	http://kaiko.getalp.org/dbnary/fra/__ws_1_tracasser__verb__1					
	B._UND-6	"Ne pas cesser de remuer, d'agiter, de solliciter quelque chose."	none	none	none	(Transitif) ou (Pronominal) (Familier) Inquiéter ou tourmenter quelqu’un.	http://kaiko.getalp.org/dbnary/fra/__ws_2_tracasser__verb__1					
quota|noun|masculine												
https://www.cnrtl.fr/definition/70686												
http://kaiko.getalp.org/dbnary/fra/quota__nom__1												
	A._UND-1	Limitation du nombre d'immigrants (souvent en fonction de la nationalité ou de la qualification professionnelle).	related	related	related	Quantité limitée ou réglementaire.	http://kaiko.getalp.org/dbnary/fra/__ws_1_quota__nom__1					
	A._UND-2	"Limitation en volume ou en valeur, à l'importation, de biens et de services, imposée par un gouvernement."	related	related	related	Quantité limitée ou réglementaire.	http://kaiko.getalp.org/dbnary/fra/__ws_1_quota__nom__1					
	A._UND-3	"Chiffre d'affaires minimum qui doit être réalisé par un revendeur, un représentant, un service, pendant un certain temps, dans un secteur donné"	related	related	none	Quantité limitée ou réglementaire.	http://kaiko.getalp.org/dbnary/fra/__ws_1_quota__nom__1					
	UND-4	"Contingent, pourcentage déterminé, imposé ou autorisé."	related	exact	exact	Quantité limitée ou réglementaire.	http://kaiko.getalp.org/dbnary/fra/__ws_1_quota__nom__1					
	UND-5	"Dans un sondage, adéquation entre le pourcentage de chaque catégorie de la population réelle (actifs, non-actifs, jeunes, vieux, professions diverses, etc.) et celui de l'échantillon (s'oppose à où les sujets sont choisis au hasard) ("	none	none	none	Quantité limitée ou réglementaire.	http://kaiko.getalp.org/dbnary/fra/__ws_1_quota__nom__1					
céramique|noun|feminine												
https://www.cnrtl.fr/definition/17322												
http://kaiko.getalp.org/dbnary/fra/céramique__nom__1												
	B._UND-2	Fabrication de prothèses en porcelaine.	none	related	none	"(Céramique) Matériau composé de substances inorganiques et non métalliques, et obtenu par frittage puis refroidissement."	http://kaiko.getalp.org/dbnary/fra/__ws_3_céramique__nom__1					
	B._UND-2	Fabrication de prothèses en porcelaine.	none	none	related	"(Par extension) Art de peindre la porcelaine, de cloisonner les émaux et même de fabriquer le verre."	http://kaiko.getalp.org/dbnary/fra/__ws_2_céramique__nom__1					
	B._UND-2	Fabrication de prothèses en porcelaine.	none	none	none	(Céramique) L’art de la fabrication d’objets en terre cuite.	http://kaiko.getalp.org/dbnary/fra/__ws_1_céramique__nom__1					
	B._UND-3	La matière obtenue après cuisson	related	exact	related	"(Céramique) Matériau composé de substances inorganiques et non métalliques, et obtenu par frittage puis refroidissement."	http://kaiko.getalp.org/dbnary/fra/__ws_3_céramique__nom__1					
	B._UND-3	La matière obtenue après cuisson	none	none	none	"(Par extension) Art de peindre la porcelaine, de cloisonner les émaux et même de fabriquer le verre."	http://kaiko.getalp.org/dbnary/fra/__ws_2_céramique__nom__1					
	B._UND-3	La matière obtenue après cuisson	related	none	related	(Céramique) L’art de la fabrication d’objets en terre cuite.	http://kaiko.getalp.org/dbnary/fra/__ws_1_céramique__nom__1					
	B._UND-4	"Vase, objet produit par la technique de fabrication."	related	related	none	"(Céramique) Matériau composé de substances inorganiques et non métalliques, et obtenu par frittage puis refroidissement."	http://kaiko.getalp.org/dbnary/fra/__ws_3_céramique__nom__1					
	B._UND-4	"Vase, objet produit par la technique de fabrication."	none	none	related	"(Par extension) Art de peindre la porcelaine, de cloisonner les émaux et même de fabriquer le verre."	http://kaiko.getalp.org/dbnary/fra/__ws_2_céramique__nom__1					
	B._UND-4	"Vase, objet produit par la technique de fabrication."	related	none	related	(Céramique) L’art de la fabrication d’objets en terre cuite.	http://kaiko.getalp.org/dbnary/fra/__ws_1_céramique__nom__1					
	UND-6	"Art de fabriquer, technique de fabrication des objets à partir de l'argile."	related	related	none	"(Céramique) Matériau composé de substances inorganiques et non métalliques, et obtenu par frittage puis refroidissement."	http://kaiko.getalp.org/dbnary/fra/__ws_3_céramique__nom__1					
	UND-6	"Art de fabriquer, technique de fabrication des objets à partir de l'argile."	none	related	none	"(Par extension) Art de peindre la porcelaine, de cloisonner les émaux et même de fabriquer le verre."	http://kaiko.getalp.org/dbnary/fra/__ws_2_céramique__nom__1					
	UND-6	"Art de fabriquer, technique de fabrication des objets à partir de l'argile."	exact	exact	exact	(Céramique) L’art de la fabrication d’objets en terre cuite.	http://kaiko.getalp.org/dbnary/fra/__ws_1_céramique__nom__1	pas tout à fait exact				
bureaucratie|noun|feminine												
https://www.cnrtl.fr/definition/14947												
http://kaiko.getalp.org/dbnary/fra/bureaucratie__nom__1												
	A._UND-2	Administration toute puissante	related	related	exact	(En particulier) (Politique) (Péjoratif) Caste administrative politique qui accapare le pouvoir et les richesses.	http://kaiko.getalp.org/dbnary/fra/__ws_2_bureaucratie__nom__1					
	A._UND-2	Administration toute puissante	related	none	related	"(Par métonymie) Administration, condition, occupation d’employé de bureau."	http://kaiko.getalp.org/dbnary/fra/__ws_4_bureaucratie__nom__1					
	A._UND-2	Administration toute puissante	none	related	exact	"Autorité, pouvoir diffus qui se caractérise par des règles procédurières strictes, la division des responsabilités, une forte hiérarchie et des relations impersonnelles."	http://kaiko.getalp.org/dbnary/fra/__ws_1_bureaucratie__nom__1					
	A._UND-2	Administration toute puissante	none	none	none	(Par extension) Paperasserie.	http://kaiko.getalp.org/dbnary/fra/__ws_3_bureaucratie__nom__1					
	B._UND-4	"Vie, condition, occupation d'employé de bureau"	none	none	none	(En particulier) (Politique) (Péjoratif) Caste administrative politique qui accapare le pouvoir et les richesses.	http://kaiko.getalp.org/dbnary/fra/__ws_2_bureaucratie__nom__1					
	B._UND-4	"Vie, condition, occupation d'employé de bureau"	exact	exact	exact	"(Par métonymie) Administration, condition, occupation d’employé de bureau."	http://kaiko.getalp.org/dbnary/fra/__ws_4_bureaucratie__nom__1	presque ça				
	B._UND-4	"Vie, condition, occupation d'employé de bureau"	none	none	none	"Autorité, pouvoir diffus qui se caractérise par des règles procédurières strictes, la division des responsabilités, une forte hiérarchie et des relations impersonnelles."	http://kaiko.getalp.org/dbnary/fra/__ws_1_bureaucratie__nom__1					
	B._UND-4	"Vie, condition, occupation d'employé de bureau"	none	none	none	(Par extension) Paperasserie.	http://kaiko.getalp.org/dbnary/fra/__ws_3_bureaucratie__nom__1					
	UND-3	"Puissance excessive, pesante et routinière, de l'administration"	related	related	exact	(En particulier) (Politique) (Péjoratif) Caste administrative politique qui accapare le pouvoir et les richesses.	http://kaiko.getalp.org/dbnary/fra/__ws_2_bureaucratie__nom__1					
	UND-3	"Puissance excessive, pesante et routinière, de l'administration"	related	related	none	"(Par métonymie) Administration, condition, occupation d’employé de bureau."	http://kaiko.getalp.org/dbnary/fra/__ws_4_bureaucratie__nom__1					
	UND-3	"Puissance excessive, pesante et routinière, de l'administration"	related	related	exact	"Autorité, pouvoir diffus qui se caractérise par des règles procédurières strictes, la division des responsabilités, une forte hiérarchie et des relations impersonnelles."	http://kaiko.getalp.org/dbnary/fra/__ws_1_bureaucratie__nom__1					
	UND-3	"Puissance excessive, pesante et routinière, de l'administration"	none	none	none	(Par extension) Paperasserie.	http://kaiko.getalp.org/dbnary/fra/__ws_3_bureaucratie__nom__1					
lynx|noun|masculine												
https://www.cnrtl.fr/definition/49747												
http://kaiko.getalp.org/dbnary/fra/lynx__nom__1												
	UND-1	"Félin, haut sur pattes, de la taille d'un gros chat, au pelage roux, aux oreilles pointues garnies de poils raides, auquel on attribue une vue perçante."	none	none	none	"(Entomologie) Synonyme de phalène ocellée (papillon), (Cosmorhoe ocellata)."	http://kaiko.getalp.org/dbnary/fra/__ws_3_lynx__nom__1					
	UND-1	"Félin, haut sur pattes, de la taille d'un gros chat, au pelage roux, aux oreilles pointues garnies de poils raides, auquel on attribue une vue perçante."	exact	exact	exact	"(Zoologie) Une des espèces de félins sauvages ressemblant à un gros chat, dont la face est ornée de favoris et d’oreilles triangulaires surmontées d’une touffe de poil, et le corps doté d’une courte queue et de longues pattes."	http://kaiko.getalp.org/dbnary/fra/__ws_1_lynx__nom__1					
	UND-1	"Félin, haut sur pattes, de la taille d'un gros chat, au pelage roux, aux oreilles pointues garnies de poils raides, auquel on attribue une vue perçante."	related	related	related	Félin ressemblant aux espèces du genre Lynx.	http://kaiko.getalp.org/dbnary/fra/__ws_2_lynx__nom__1					
	UND-2	Variété de lynx vivant en Afrique et dans le sud de l'Asie.	none	none	none	"(Entomologie) Synonyme de phalène ocellée (papillon), (Cosmorhoe ocellata)."	http://kaiko.getalp.org/dbnary/fra/__ws_3_lynx__nom__1					
	UND-2	Variété de lynx vivant en Afrique et dans le sud de l'Asie.	related	related	related	"(Zoologie) Une des espèces de félins sauvages ressemblant à un gros chat, dont la face est ornée de favoris et d’oreilles triangulaires surmontées d’une touffe de poil, et le corps doté d’une courte queue et de longues pattes."	http://kaiko.getalp.org/dbnary/fra/__ws_1_lynx__nom__1					
	UND-2	Variété de lynx vivant en Afrique et dans le sud de l'Asie.	related	related	exact	Félin ressemblant aux espèces du genre Lynx.	http://kaiko.getalp.org/dbnary/fra/__ws_2_lynx__nom__1					
	UND-3	Fourrure du lynx.	none	none	none	"(Entomologie) Synonyme de phalène ocellée (papillon), (Cosmorhoe ocellata)."	http://kaiko.getalp.org/dbnary/fra/__ws_3_lynx__nom__1					
	UND-3	Fourrure du lynx.	related	none	none	"(Zoologie) Une des espèces de félins sauvages ressemblant à un gros chat, dont la face est ornée de favoris et d’oreilles triangulaires surmontées d’une touffe de poil, et le corps doté d’une courte queue et de longues pattes."	http://kaiko.getalp.org/dbnary/fra/__ws_1_lynx__nom__1					
	UND-3	Fourrure du lynx.	related	none	none	Félin ressemblant aux espèces du genre Lynx.	http://kaiko.getalp.org/dbnary/fra/__ws_2_lynx__nom__1					
	UND-5	"S'emploie pour désigner une pers. qui a une très bonne vue, une extrême perspicacité"	none	none	none	"(Entomologie) Synonyme de phalène ocellée (papillon), (Cosmorhoe ocellata)."	http://kaiko.getalp.org/dbnary/fra/__ws_3_lynx__nom__1					
	UND-5	"S'emploie pour désigner une pers. qui a une très bonne vue, une extrême perspicacité"	none	none	none	"(Zoologie) Une des espèces de félins sauvages ressemblant à un gros chat, dont la face est ornée de favoris et d’oreilles triangulaires surmontées d’une touffe de poil, et le corps doté d’une courte queue et de longues pattes."	http://kaiko.getalp.org/dbnary/fra/__ws_1_lynx__nom__1					
	UND-5	"S'emploie pour désigner une pers. qui a une très bonne vue, une extrême perspicacité"	none	none	none	Félin ressemblant aux espèces du genre Lynx.	http://kaiko.getalp.org/dbnary/fra/__ws_2_lynx__nom__1					
rouble|noun|masculine												
https://www.cnrtl.fr/definition/75466												
http://kaiko.getalp.org/dbnary/fra/rouble__nom__1												
	UND_1	Unité monétaire de la Russie tsariste puis de l'U.R.S.S. divisée en cent kopecks.	exact	exact	exact	"Monnaie utilisée en Russie, en Biélorussie, etc."	http://kaiko.getalp.org/dbnary/fra/__ws_1_rouble__nom__1					
immoralité|noun|feminine												
https://www.cnrtl.fr/definition/43047												
http://kaiko.getalp.org/dbnary/fra/immoralité__nom__1												
	UND-1	Conduite ou comportement immoral (d'une personne).	related	related	exact	Caractère de celui ou de ce qui est immoral.	http://kaiko.getalp.org/dbnary/fra/__ws_1_immoralité__nom__1					
	UND-2	"Caractère immoral (d'une action, d'une parole, d'une chose et d'une production littéraire ou artistique)."	exact	exact	exact	Caractère de celui ou de ce qui est immoral.	http://kaiko.getalp.org/dbnary/fra/__ws_1_immoralité__nom__1					
perversité|noun|feminine												
https://www.cnrtl.fr/definition/62998												
http://kaiko.getalp.org/dbnary/fra/perversité__nom__1												
	UND-1	"Caractère d'une personne encline au mal, qui fait, qui aime à faire le mal."	exact	exact	exact	"Caractère de celui qui est pervers, qui a de la complaisance pour la dépravation."	http://kaiko.getalp.org/dbnary/fra/__ws_1_perversité__nom__1	pas exatcement pareil				
	UND-1	"Caractère d'une personne encline au mal, qui fait, qui aime à faire le mal."	related	related	exact	Nature de ce qui est pervers.	http://kaiko.getalp.org/dbnary/fra/__ws_2_perversité__nom__1					
	UND-2	"Anormalité de la conduite générale et spécialement des comportements à l'égard d'autrui et de la Société conduisant à des actes asociaux et inhumains accomplis avec indifférence affective à l'égard de la souffrance d'autrui, absence complète de culpabilité et satisfaction personnelle"	related	related	exact	"Caractère de celui qui est pervers, qui a de la complaisance pour la dépravation."	http://kaiko.getalp.org/dbnary/fra/__ws_1_perversité__nom__1					
	UND-2	"Anormalité de la conduite générale et spécialement des comportements à l'égard d'autrui et de la Société conduisant à des actes asociaux et inhumains accomplis avec indifférence affective à l'égard de la souffrance d'autrui, absence complète de culpabilité et satisfaction personnelle"	exact	related	exact	Nature de ce qui est pervers.	http://kaiko.getalp.org/dbnary/fra/__ws_2_perversité__nom__1	pas exatcement pareil				
gravement|adverb|												
https://www.cnrtl.fr/definition/39011												
http://kaiko.getalp.org/dbnary/fra/gravement__adv__1												
	UND-1	Sur un timbre grave.	none	none	exact	Avec gravité ; d’une manière composée.						
	UND-1	Sur un timbre grave.	none	exact	none	"(Musique) Il indique un mouvement lent, mais moins lent que le mouvement indiqué par lentement. On dit et on écrit plus ordinairement grave en italien."						
	UND-1	Sur un timbre grave.	none	none	none	"Dangereusement, d’une manière à entraîner de fâcheuses conséquences."						
	UND-2	"Avec gravité (dans le ton, le maintien, les manières)."	exact	exact	exact	Avec gravité ; d’une manière composée.						
	UND-2	"Avec gravité (dans le ton, le maintien, les manières)."	none	none	none	"(Musique) Il indique un mouvement lent, mais moins lent que le mouvement indiqué par lentement. On dit et on écrit plus ordinairement grave en italien."						
	UND-2	"Avec gravité (dans le ton, le maintien, les manières)."	none	related	none	"Dangereusement, d’une manière à entraîner de fâcheuses conséquences."						
	UND-3	"D'une manière importante, considérable et parfois dangereuse."	none	related	none	Avec gravité ; d’une manière composée.						
	UND-3	"D'une manière importante, considérable et parfois dangereuse."	none	none	none	"(Musique) Il indique un mouvement lent, mais moins lent que le mouvement indiqué par lentement. On dit et on écrit plus ordinairement grave en italien."						
	UND-3	"D'une manière importante, considérable et parfois dangereuse."	exact	related	exact	"Dangereusement, d’une manière à entraîner de fâcheuses conséquences."		pas exactement pareil				`