affirmer|verb|			Bruno	Hee-Soo	Mathieu		
https://www.cnrtl.fr/definition/2625							
http://kaiko.getalp.org/dbnary/fra/affirmer__verb__1							
	I._A._1.UND-1	 [Le compl. désigne une réalité matérielle] Rendre ferme, consolider	none	none	none	(Logique) Exprimer qu’une chose est certaine.	http://kaiko.getalp.org/dbnary/fra/__ws_1a_affirmer__verb__1
	I._A._1.UND-1	 [Le compl. désigne une réalité matérielle] Rendre ferme, consolider	none	none	none	Assurer, soutenir qu’une chose est vraie.	http://kaiko.getalp.org/dbnary/fra/__ws_1_affirmer__verb__1
	I._A._1.UND-1	 [Le compl. désigne une réalité matérielle] Rendre ferme, consolider	none	none	none	(Justice) Assurer avec serment.	http://kaiko.getalp.org/dbnary/fra/__ws_2_affirmer__verb__1
	I._A._1.UND-1	 [Le compl. désigne une réalité matérielle] Rendre ferme, consolider	none	none	related	Assurer fermement.	http://kaiko.getalp.org/dbnary/fra/__ws_3_affirmer__verb__1
	I._A._1.UND-1	 [Le compl. désigne une réalité matérielle] Rendre ferme, consolider	exact	exact	broader	Rendre plus ferme.	http://kaiko.getalp.org/dbnary/fra/__ws_4_affirmer__verb__1
	I._A._1.UND-1	 [Le compl. désigne une réalité matérielle] Rendre ferme, consolider	none	none	none	(Pronominal) Se manifester clairement, nettement.	http://kaiko.getalp.org/dbnary/fra/__ws_5_affirmer__verb__1
	I._A._1.b)UND-2	 [En parlant d'une forme, d'une couleur] Rendre (plus) précis ou plus tranché.	none	none	none	(Logique) Exprimer qu’une chose est certaine.	http://kaiko.getalp.org/dbnary/fra/__ws_1a_affirmer__verb__1
	I._A._1.b)UND-2	 [En parlant d'une forme, d'une couleur] Rendre (plus) précis ou plus tranché.	none	none	none	Assurer, soutenir qu’une chose est vraie.	http://kaiko.getalp.org/dbnary/fra/__ws_1_affirmer__verb__1
	I._A._1.b)UND-2	 [En parlant d'une forme, d'une couleur] Rendre (plus) précis ou plus tranché.	none	none	none	(Justice) Assurer avec serment.	http://kaiko.getalp.org/dbnary/fra/__ws_2_affirmer__verb__1
	I._A._1.b)UND-2	 [En parlant d'une forme, d'une couleur] Rendre (plus) précis ou plus tranché.	none	none	none	Assurer fermement.	http://kaiko.getalp.org/dbnary/fra/__ws_3_affirmer__verb__1
	I._A._1.b)UND-2	 [En parlant d'une forme, d'une couleur] Rendre (plus) précis ou plus tranché.	none	narrower	broader	Rendre plus ferme.	http://kaiko.getalp.org/dbnary/fra/__ws_4_affirmer__verb__1
	I._A._1.b)UND-2	 [En parlant d'une forme, d'une couleur] Rendre (plus) précis ou plus tranché.	none	none	related	(Pronominal) Se manifester clairement, nettement.	http://kaiko.getalp.org/dbnary/fra/__ws_5_affirmer__verb__1
	I._B._2.UND-11	Présenter (énergiquement ou nettement) une chose, un fait, une déclaration, etc., comme vrai (conforme à la réalité) ou comme authentique (d'une réalité contrôlée).	related	exact	narrower	(Logique) Exprimer qu’une chose est certaine.	http://kaiko.getalp.org/dbnary/fra/__ws_1a_affirmer__verb__1
	I._B._2.UND-11	Présenter (énergiquement ou nettement) une chose, un fait, une déclaration, etc., comme vrai (conforme à la réalité) ou comme authentique (d'une réalité contrôlée).	exact	exact	narrower	Assurer, soutenir qu’une chose est vraie.	http://kaiko.getalp.org/dbnary/fra/__ws_1_affirmer__verb__1
	I._B._2.UND-11	Présenter (énergiquement ou nettement) une chose, un fait, une déclaration, etc., comme vrai (conforme à la réalité) ou comme authentique (d'une réalité contrôlée).	none	none	none	(Justice) Assurer avec serment.	http://kaiko.getalp.org/dbnary/fra/__ws_2_affirmer__verb__1
	I._B._2.UND-11	Présenter (énergiquement ou nettement) une chose, un fait, une déclaration, etc., comme vrai (conforme à la réalité) ou comme authentique (d'une réalité contrôlée).	related	related	none	Assurer fermement.	http://kaiko.getalp.org/dbnary/fra/__ws_3_affirmer__verb__1
	I._B._2.UND-11	Présenter (énergiquement ou nettement) une chose, un fait, une déclaration, etc., comme vrai (conforme à la réalité) ou comme authentique (d'une réalité contrôlée).	none	none	none	Rendre plus ferme.	http://kaiko.getalp.org/dbnary/fra/__ws_4_affirmer__verb__1
	I._B._2.UND-11	Présenter (énergiquement ou nettement) une chose, un fait, une déclaration, etc., comme vrai (conforme à la réalité) ou comme authentique (d'une réalité contrôlée).	none	related	none	(Pronominal) Se manifester clairement, nettement.	http://kaiko.getalp.org/dbnary/fra/__ws_5_affirmer__verb__1
	I._B._2.a)UND-10	Énoncer un jugement positif	broader	none	none	(Logique) Exprimer qu’une chose est certaine.	http://kaiko.getalp.org/dbnary/fra/__ws_1a_affirmer__verb__1
	I._B._2.a)UND-10	Énoncer un jugement positif	exact	related	none	Assurer, soutenir qu’une chose est vraie.	http://kaiko.getalp.org/dbnary/fra/__ws_1_affirmer__verb__1
	I._B._2.a)UND-10	Énoncer un jugement positif	none	none	none	(Justice) Assurer avec serment.	http://kaiko.getalp.org/dbnary/fra/__ws_2_affirmer__verb__1
	I._B._2.a)UND-10	Énoncer un jugement positif	none	none	none	Assurer fermement.	http://kaiko.getalp.org/dbnary/fra/__ws_3_affirmer__verb__1
	I._B._2.a)UND-10	Énoncer un jugement positif	none	none	none	Rendre plus ferme.	http://kaiko.getalp.org/dbnary/fra/__ws_4_affirmer__verb__1
	I._B._2.a)UND-10	Énoncer un jugement positif	none	none	none	(Pronominal) Se manifester clairement, nettement.	http://kaiko.getalp.org/dbnary/fra/__ws_5_affirmer__verb__1
	I._B._2.a)UND-7	PHILOS. [Le compl. est un mot exprimant l'idée de vérité ou son contraire]  Exprimer nettement	related	broader	related	(Logique) Exprimer qu’une chose est certaine.	http://kaiko.getalp.org/dbnary/fra/__ws_1a_affirmer__verb__1
	I._B._2.a)UND-7	PHILOS. [Le compl. est un mot exprimant l'idée de vérité ou son contraire]  Exprimer nettement	narrower	none	related	Assurer, soutenir qu’une chose est vraie.	http://kaiko.getalp.org/dbnary/fra/__ws_1_affirmer__verb__1
	I._B._2.a)UND-7	PHILOS. [Le compl. est un mot exprimant l'idée de vérité ou son contraire]  Exprimer nettement	none	none	none	(Justice) Assurer avec serment.	http://kaiko.getalp.org/dbnary/fra/__ws_2_affirmer__verb__1
	I._B._2.a)UND-7	PHILOS. [Le compl. est un mot exprimant l'idée de vérité ou son contraire]  Exprimer nettement	narrower	exact	related	Assurer fermement.	http://kaiko.getalp.org/dbnary/fra/__ws_3_affirmer__verb__1
	I._B._2.a)UND-7	PHILOS. [Le compl. est un mot exprimant l'idée de vérité ou son contraire]  Exprimer nettement	none	none	none	Rendre plus ferme.	http://kaiko.getalp.org/dbnary/fra/__ws_4_affirmer__verb__1
	I._B._2.a)UND-7	PHILOS. [Le compl. est un mot exprimant l'idée de vérité ou son contraire]  Exprimer nettement	none	exact	none	(Pronominal) Se manifester clairement, nettement.	http://kaiko.getalp.org/dbnary/fra/__ws_5_affirmer__verb__1
	I._B._2.a)UND-9	[Fréq. en partic. dans la lang. philos. ou théol.] Formuler énergiquement ou nettement une vérité (positive ou négative)	related	exact	related	(Logique) Exprimer qu’une chose est certaine.	http://kaiko.getalp.org/dbnary/fra/__ws_1a_affirmer__verb__1
	I._B._2.a)UND-9	[Fréq. en partic. dans la lang. philos. ou théol.] Formuler énergiquement ou nettement une vérité (positive ou négative)	narrower	exact	exact	Assurer, soutenir qu’une chose est vraie.	http://kaiko.getalp.org/dbnary/fra/__ws_1_affirmer__verb__1
	I._B._2.a)UND-9	[Fréq. en partic. dans la lang. philos. ou théol.] Formuler énergiquement ou nettement une vérité (positive ou négative)	none	none	related	(Justice) Assurer avec serment.	http://kaiko.getalp.org/dbnary/fra/__ws_2_affirmer__verb__1
	I._B._2.a)UND-9	[Fréq. en partic. dans la lang. philos. ou théol.] Formuler énergiquement ou nettement une vérité (positive ou négative)	narrower	exact	narrower	Assurer fermement.	http://kaiko.getalp.org/dbnary/fra/__ws_3_affirmer__verb__1
	I._B._2.a)UND-9	[Fréq. en partic. dans la lang. philos. ou théol.] Formuler énergiquement ou nettement une vérité (positive ou négative)	none	none	none	Rendre plus ferme.	http://kaiko.getalp.org/dbnary/fra/__ws_4_affirmer__verb__1
	I._B._2.a)UND-9	[Fréq. en partic. dans la lang. philos. ou théol.] Formuler énergiquement ou nettement une vérité (positive ou négative)	none	related	none	(Pronominal) Se manifester clairement, nettement.	http://kaiko.getalp.org/dbnary/fra/__ws_5_affirmer__verb__1
	I._B._UND-6	[Le jugement est un jugement de valeur]  Présenter nettement une chose comme bonne	none	exact	related	(Logique) Exprimer qu’une chose est certaine.	http://kaiko.getalp.org/dbnary/fra/__ws_1a_affirmer__verb__1
	I._B._UND-6	[Le jugement est un jugement de valeur]  Présenter nettement une chose comme bonne	narrower	exact	related	Assurer, soutenir qu’une chose est vraie.	http://kaiko.getalp.org/dbnary/fra/__ws_1_affirmer__verb__1
	I._B._UND-6	[Le jugement est un jugement de valeur]  Présenter nettement une chose comme bonne	none	none	related	(Justice) Assurer avec serment.	http://kaiko.getalp.org/dbnary/fra/__ws_2_affirmer__verb__1
	I._B._UND-6	[Le jugement est un jugement de valeur]  Présenter nettement une chose comme bonne	related	none	narrower	Assurer fermement.	http://kaiko.getalp.org/dbnary/fra/__ws_3_affirmer__verb__1
	I._B._UND-6	[Le jugement est un jugement de valeur]  Présenter nettement une chose comme bonne	none	none	none	Rendre plus ferme.	http://kaiko.getalp.org/dbnary/fra/__ws_4_affirmer__verb__1
	I._B._UND-6	[Le jugement est un jugement de valeur]  Présenter nettement une chose comme bonne	none	none	none	(Pronominal) Se manifester clairement, nettement.	http://kaiko.getalp.org/dbnary/fra/__ws_5_affirmer__verb__1
	II._A._2.UND-21	[Le suj. désigne une ou plusieurs pers. ou un aspect de leur personnalité] Se manifester et s'imposer avec vigueur	none	none	none	(Logique) Exprimer qu’une chose est certaine.	http://kaiko.getalp.org/dbnary/fra/__ws_1a_affirmer__verb__1
	II._A._2.UND-21	[Le suj. désigne une ou plusieurs pers. ou un aspect de leur personnalité] Se manifester et s'imposer avec vigueur	none	none	none	Assurer, soutenir qu’une chose est vraie.	http://kaiko.getalp.org/dbnary/fra/__ws_1_affirmer__verb__1
	II._A._2.UND-21	[Le suj. désigne une ou plusieurs pers. ou un aspect de leur personnalité] Se manifester et s'imposer avec vigueur	none	none	none	(Justice) Assurer avec serment.	http://kaiko.getalp.org/dbnary/fra/__ws_2_affirmer__verb__1
	II._A._2.UND-21	[Le suj. désigne une ou plusieurs pers. ou un aspect de leur personnalité] Se manifester et s'imposer avec vigueur	none	related	none	Assurer fermement.	http://kaiko.getalp.org/dbnary/fra/__ws_3_affirmer__verb__1
	II._A._2.UND-21	[Le suj. désigne une ou plusieurs pers. ou un aspect de leur personnalité] Se manifester et s'imposer avec vigueur	none	none	none	Rendre plus ferme.	http://kaiko.getalp.org/dbnary/fra/__ws_4_affirmer__verb__1
	II._A._2.UND-21	[Le suj. désigne une ou plusieurs pers. ou un aspect de leur personnalité] Se manifester et s'imposer avec vigueur	narrower	exact	related	(Pronominal) Se manifester clairement, nettement.	http://kaiko.getalp.org/dbnary/fra/__ws_5_affirmer__verb__1
	II._A._UND-20	[Le suj. est un n. de chose] Prendre une forme nette et la manifester.	none	none	none	(Logique) Exprimer qu’une chose est certaine.	http://kaiko.getalp.org/dbnary/fra/__ws_1a_affirmer__verb__1
	II._A._UND-20	[Le suj. est un n. de chose] Prendre une forme nette et la manifester.	none	none	none	Assurer, soutenir qu’une chose est vraie.	http://kaiko.getalp.org/dbnary/fra/__ws_1_affirmer__verb__1
	II._A._UND-20	[Le suj. est un n. de chose] Prendre une forme nette et la manifester.	none	none	none	(Justice) Assurer avec serment.	http://kaiko.getalp.org/dbnary/fra/__ws_2_affirmer__verb__1
	II._A._UND-20	[Le suj. est un n. de chose] Prendre une forme nette et la manifester.	none	none	related	Assurer fermement.	http://kaiko.getalp.org/dbnary/fra/__ws_3_affirmer__verb__1
	II._A._UND-20	[Le suj. est un n. de chose] Prendre une forme nette et la manifester.	none	related	none	Rendre plus ferme.	http://kaiko.getalp.org/dbnary/fra/__ws_4_affirmer__verb__1
	II._A._UND-20	[Le suj. est un n. de chose] Prendre une forme nette et la manifester.	narrower	none	none	(Pronominal) Se manifester clairement, nettement.	http://kaiko.getalp.org/dbnary/fra/__ws_5_affirmer__verb__1
monologue|noun|masculine							
https://www.cnrtl.fr/definition/54218							
http://kaiko.getalp.org/dbnary/fra/monologue__nom__1							
	A._UND-1	Discours qu'un personnage seul en scène se tient à lui-même.	related	narrower	narrower	Scène dite par un seul personnage.	http://kaiko.getalp.org/dbnary/fra/__ws_2_monologue__nom__1
	A._UND-1	Discours qu'un personnage seul en scène se tient à lui-même.	related	exact	exact	(Théâtre) Scène d’une pièce de théâtre où un personnage est seul et se parle à lui-même.	http://kaiko.getalp.org/dbnary/fra/__ws_1_monologue__nom__1
	A._UND-1	Discours qu'un personnage seul en scène se tient à lui-même.	related	exact	none	(Figuré) Discours d’une personne parlant toute seule ou ne laissant pas parler les autres, ou parlant simplement pour elle-même.	http://kaiko.getalp.org/dbnary/fra/__ws_3_monologue__nom__1
	A._UND-2	Pièce à un personnage, généralement fantaisiste ou comique.	related	related	narrower	Scène dite par un seul personnage.	http://kaiko.getalp.org/dbnary/fra/__ws_2_monologue__nom__1
	A._UND-2	Pièce à un personnage, généralement fantaisiste ou comique.	related	related	related	(Théâtre) Scène d’une pièce de théâtre où un personnage est seul et se parle à lui-même.	http://kaiko.getalp.org/dbnary/fra/__ws_1_monologue__nom__1
	A._UND-2	Pièce à un personnage, généralement fantaisiste ou comique.	none	none	none	(Figuré) Discours d’une personne parlant toute seule ou ne laissant pas parler les autres, ou parlant simplement pour elle-même.	http://kaiko.getalp.org/dbnary/fra/__ws_3_monologue__nom__1
	B._UND-3	Discours qu'une personne seule se tient à elle-même.	none	none	related	Scène dite par un seul personnage.	http://kaiko.getalp.org/dbnary/fra/__ws_2_monologue__nom__1
	B._UND-3	Discours qu'une personne seule se tient à elle-même.	none	related	broader	(Théâtre) Scène d’une pièce de théâtre où un personnage est seul et se parle à lui-même.	http://kaiko.getalp.org/dbnary/fra/__ws_1_monologue__nom__1
	B._UND-3	Discours qu'une personne seule se tient à elle-même.	broader	exact	related	(Figuré) Discours d’une personne parlant toute seule ou ne laissant pas parler les autres, ou parlant simplement pour elle-même.	http://kaiko.getalp.org/dbnary/fra/__ws_3_monologue__nom__1
	B._UND-6	Discours d'une personne qui parle sans attendre de réponse ou sans laisser répondre ses interlocuteurs; dialogue, conversation où seul l'un des interlocuteurs est actif.	none	none	none	Scène dite par un seul personnage.	http://kaiko.getalp.org/dbnary/fra/__ws_2_monologue__nom__1
	B._UND-6	Discours d'une personne qui parle sans attendre de réponse ou sans laisser répondre ses interlocuteurs; dialogue, conversation où seul l'un des interlocuteurs est actif.	none	none	related	(Théâtre) Scène d’une pièce de théâtre où un personnage est seul et se parle à lui-même.	http://kaiko.getalp.org/dbnary/fra/__ws_1_monologue__nom__1
	B._UND-6	Discours d'une personne qui parle sans attendre de réponse ou sans laisser répondre ses interlocuteurs; dialogue, conversation où seul l'un des interlocuteurs est actif.	exact	narrower	exact	(Figuré) Discours d’une personne parlant toute seule ou ne laissant pas parler les autres, ou parlant simplement pour elle-même.	http://kaiko.getalp.org/dbnary/fra/__ws_3_monologue__nom__1
comploter|verb|							
https://www.cnrtl.fr/definition/20779							
http://kaiko.getalp.org/dbnary/fra/comploter__verb__1							
	A._UND-1	Préparer secrètement et à plusieurs (un dessein criminel).	narrower	exact	narrower	Faire un complot, projeter, machiner un dessein criminel contre quelqu’un.	http://kaiko.getalp.org/dbnary/fra/__ws_1_comploter__verb__1
	A._UND-2	Préparer en secret, seul ou à plusieurs, un projet ou une action quelconque.	narrower	none	broader	Faire un complot, projeter, machiner un dessein criminel contre quelqu’un.	http://kaiko.getalp.org/dbnary/fra/__ws_1_comploter__verb__1
	B._UND-3	Ourdir des complots	related	broader	broader	Faire un complot, projeter, machiner un dessein criminel contre quelqu’un.	http://kaiko.getalp.org/dbnary/fra/__ws_1_comploter__verb__1
bousiller|verb|							
https://www.cnrtl.fr/definition/14081							
http://kaiko.getalp.org/dbnary/fra/bousiller__verb__1							
	I._UND-1	Maçonner, construire en bousillage.	exact	broader	exact	(Transitif) Construire en torchis, c'est à dire en utilisant entre autre de la boue.	http://kaiko.getalp.org/dbnary/fra/__ws_1_bousiller__verb__1
	I._UND-1	Maçonner, construire en bousillage.	none	none	related	(Intransitif) (Sens propre) ou (Figuré) Faire du bousillage.	http://kaiko.getalp.org/dbnary/fra/__ws_2_bousiller__verb__1
	I._UND-2	Abîmer	none	none	none	(Transitif) Construire en torchis, c'est à dire en utilisant entre autre de la boue.	http://kaiko.getalp.org/dbnary/fra/__ws_1_bousiller__verb__1
	I._UND-2	Abîmer	none	none	none	(Intransitif) (Sens propre) ou (Figuré) Faire du bousillage.	http://kaiko.getalp.org/dbnary/fra/__ws_2_bousiller__verb__1
	II._UND-4	Exécuter un travail trop vite et mal.	none	none	none	(Transitif) Construire en torchis, c'est à dire en utilisant entre autre de la boue.	http://kaiko.getalp.org/dbnary/fra/__ws_1_bousiller__verb__1
	II._UND-4	Exécuter un travail trop vite et mal.	exact	none	narrower	(Intransitif) (Sens propre) ou (Figuré) Faire du bousillage.	http://kaiko.getalp.org/dbnary/fra/__ws_2_bousiller__verb__1
domestique|adjective|							
https://www.cnrtl.fr/definition/27767							
http://kaiko.getalp.org/dbnary/fra/domestique__adj__1							
	I._A._4.UND-4	[En parlant de divinités] Attaché à un foyer.	none	related	none	Relatif au ménage, à l'intérieur de la famille.	http://kaiko.getalp.org/dbnary/fra/__ws_2_domestique__adj__1
	I._A._4.UND-4	[En parlant de divinités] Attaché à un foyer.	none	exact	broader	Qui est de la maison ; qui appartient à la maison.	http://kaiko.getalp.org/dbnary/fra/__ws_1_domestique__adj__1
	I._A._4.UND-4	[En parlant de divinités] Attaché à un foyer.	none	none	none	(Élevage) (Par extension) Qualifie les animaux qui vivent dans la demeure de l’homme, qui y sont élevés et nourris. → voir animal domestique.	http://kaiko.getalp.org/dbnary/fra/__ws_3_domestique__adj__1
	I._A._4.UND-5	[Qualifiant un nom péj., à propos d'une pers.] Qui exerce son activité à l'intérieur du milieu familial.	none	narrower	none	Relatif au ménage, à l'intérieur de la famille.	http://kaiko.getalp.org/dbnary/fra/__ws_2_domestique__adj__1
	I._A._4.UND-5	[Qualifiant un nom péj., à propos d'une pers.] Qui exerce son activité à l'intérieur du milieu familial.	none	related	none	Qui est de la maison ; qui appartient à la maison.	http://kaiko.getalp.org/dbnary/fra/__ws_1_domestique__adj__1
	I._A._4.UND-5	[Qualifiant un nom péj., à propos d'une pers.] Qui exerce son activité à l'intérieur du milieu familial.	none	none	none	(Élevage) (Par extension) Qualifie les animaux qui vivent dans la demeure de l’homme, qui y sont élevés et nourris. → voir animal domestique.	http://kaiko.getalp.org/dbnary/fra/__ws_3_domestique__adj__1
	I._A._UND-1	Qui concerne le ménage.	narrower	exact	narrower	Relatif au ménage, à l'intérieur de la famille.	http://kaiko.getalp.org/dbnary/fra/__ws_2_domestique__adj__1
	I._A._UND-1	Qui concerne le ménage.	related	none	none	Qui est de la maison ; qui appartient à la maison.	http://kaiko.getalp.org/dbnary/fra/__ws_1_domestique__adj__1
	I._A._UND-1	Qui concerne le ménage.	none	none	none	(Élevage) (Par extension) Qualifie les animaux qui vivent dans la demeure de l’homme, qui y sont élevés et nourris. → voir animal domestique.	http://kaiko.getalp.org/dbnary/fra/__ws_3_domestique__adj__1
	I._A._UND-2	Qui concerne la vie privée.	related	none	none	Relatif au ménage, à l'intérieur de la famille.	http://kaiko.getalp.org/dbnary/fra/__ws_2_domestique__adj__1
	I._A._UND-2	Qui concerne la vie privée.	none	none	related	Qui est de la maison ; qui appartient à la maison.	http://kaiko.getalp.org/dbnary/fra/__ws_1_domestique__adj__1
	I._A._UND-2	Qui concerne la vie privée.	none	none	none	(Élevage) (Par extension) Qualifie les animaux qui vivent dans la demeure de l’homme, qui y sont élevés et nourris. → voir animal domestique.	http://kaiko.getalp.org/dbnary/fra/__ws_3_domestique__adj__1
	I._A._UND-3	[En parlant de choses concr.] Qui appartient à l'environnement familial, au patrimoine.	related	related	related	Relatif au ménage, à l'intérieur de la famille.	http://kaiko.getalp.org/dbnary/fra/__ws_2_domestique__adj__1
	I._A._UND-3	[En parlant de choses concr.] Qui appartient à l'environnement familial, au patrimoine.	none	none	broader	Qui est de la maison ; qui appartient à la maison.	http://kaiko.getalp.org/dbnary/fra/__ws_1_domestique__adj__1
	I._A._UND-3	[En parlant de choses concr.] Qui appartient à l'environnement familial, au patrimoine.	none	none	related	(Élevage) (Par extension) Qualifie les animaux qui vivent dans la demeure de l’homme, qui y sont élevés et nourris. → voir animal domestique.	http://kaiko.getalp.org/dbnary/fra/__ws_3_domestique__adj__1
	I._A._UND-7	Qui appartient à un pays, à un peuple.	none	none	none	Relatif au ménage, à l'intérieur de la famille.	http://kaiko.getalp.org/dbnary/fra/__ws_2_domestique__adj__1
	I._A._UND-7	Qui appartient à un pays, à un peuple.	none	none	none	Qui est de la maison ; qui appartient à la maison.	http://kaiko.getalp.org/dbnary/fra/__ws_1_domestique__adj__1
	I._A._UND-7	Qui appartient à un pays, à un peuple.	none	none	none	(Élevage) (Par extension) Qualifie les animaux qui vivent dans la demeure de l’homme, qui y sont élevés et nourris. → voir animal domestique.	http://kaiko.getalp.org/dbnary/fra/__ws_3_domestique__adj__1
	I._UND-8	Qui concerne la vie à la maison.	broader	related	none	Relatif au ménage, à l'intérieur de la famille.	http://kaiko.getalp.org/dbnary/fra/__ws_2_domestique__adj__1
	I._UND-8	Qui concerne la vie à la maison.	exact	exact	related	Qui est de la maison ; qui appartient à la maison.	http://kaiko.getalp.org/dbnary/fra/__ws_1_domestique__adj__1
	I._UND-8	Qui concerne la vie à la maison.	none	none	none	(Élevage) (Par extension) Qualifie les animaux qui vivent dans la demeure de l’homme, qui y sont élevés et nourris. → voir animal domestique.	http://kaiko.getalp.org/dbnary/fra/__ws_3_domestique__adj__1
	I._UND-9	[En parlant d’animaux] Choisi, élevé par l'homme, qui vit dans son entourage pour l'aider, le distraire, le nourrir.	none	none	none	Relatif au ménage, à l'intérieur de la famille.	http://kaiko.getalp.org/dbnary/fra/__ws_2_domestique__adj__1
	I._UND-9	[En parlant d’animaux] Choisi, élevé par l'homme, qui vit dans son entourage pour l'aider, le distraire, le nourrir.	none	none	none	Qui est de la maison ; qui appartient à la maison.	http://kaiko.getalp.org/dbnary/fra/__ws_1_domestique__adj__1
	I._UND-9	[En parlant d’animaux] Choisi, élevé par l'homme, qui vit dans son entourage pour l'aider, le distraire, le nourrir.	exact	broader	exact	(Élevage) (Par extension) Qualifie les animaux qui vivent dans la demeure de l’homme, qui y sont élevés et nourris. → voir animal domestique.	http://kaiko.getalp.org/dbnary/fra/__ws_3_domestique__adj__1
	II._A._UND-11	Homme (même de noble condition) attaché au service d'un grand personnage.	none	none	none	Relatif au ménage, à l'intérieur de la famille.	http://kaiko.getalp.org/dbnary/fra/__ws_2_domestique__adj__1
	II._A._UND-11	Homme (même de noble condition) attaché au service d'un grand personnage.	none	none	none	Qui est de la maison ; qui appartient à la maison.	http://kaiko.getalp.org/dbnary/fra/__ws_1_domestique__adj__1
	II._A._UND-11	Homme (même de noble condition) attaché au service d'un grand personnage.	none	none	none	(Élevage) (Par extension) Qualifie les animaux qui vivent dans la demeure de l’homme, qui y sont élevés et nourris. → voir animal domestique.	http://kaiko.getalp.org/dbnary/fra/__ws_3_domestique__adj__1
	II._A._UND-12	Ensemble des domestiques ( II B 1) qui appartiennent à une maison.	none	none	none	Relatif au ménage, à l'intérieur de la famille.	http://kaiko.getalp.org/dbnary/fra/__ws_2_domestique__adj__1
	II._A._UND-12	Ensemble des domestiques ( II B 1) qui appartiennent à une maison.	none	none	none	Qui est de la maison ; qui appartient à la maison.	http://kaiko.getalp.org/dbnary/fra/__ws_1_domestique__adj__1
	II._A._UND-12	Ensemble des domestiques ( II B 1) qui appartiennent à une maison.	none	none	none	(Élevage) (Par extension) Qualifie les animaux qui vivent dans la demeure de l’homme, qui y sont élevés et nourris. → voir animal domestique.	http://kaiko.getalp.org/dbnary/fra/__ws_3_domestique__adj__1
	II._B._UND-16	Personne employée pour le service, l'entretien d'une maison.	none	none	related	Relatif au ménage, à l'intérieur de la famille.	http://kaiko.getalp.org/dbnary/fra/__ws_2_domestique__adj__1
	II._B._UND-16	Personne employée pour le service, l'entretien d'une maison.	none	none	none	Qui est de la maison ; qui appartient à la maison.	http://kaiko.getalp.org/dbnary/fra/__ws_1_domestique__adj__1
	II._B._UND-16	Personne employée pour le service, l'entretien d'une maison.	none	none	none	(Élevage) (Par extension) Qualifie les animaux qui vivent dans la demeure de l’homme, qui y sont élevés et nourris. → voir animal domestique.	http://kaiko.getalp.org/dbnary/fra/__ws_3_domestique__adj__1
	II._B._UND-19	Personne hiérarchiquement inférieure, qui aide, sert.	none	none	related	Relatif au ménage, à l'intérieur de la famille.	http://kaiko.getalp.org/dbnary/fra/__ws_2_domestique__adj__1
	II._B._UND-19	Personne hiérarchiquement inférieure, qui aide, sert.	none	none	none	Qui est de la maison ; qui appartient à la maison.	http://kaiko.getalp.org/dbnary/fra/__ws_1_domestique__adj__1
	II._B._UND-19	Personne hiérarchiquement inférieure, qui aide, sert.	none	none	none	(Élevage) (Par extension) Qualifie les animaux qui vivent dans la demeure de l’homme, qui y sont élevés et nourris. → voir animal domestique.	http://kaiko.getalp.org/dbnary/fra/__ws_3_domestique__adj__1
cocasserie|noun|feminine							
https://www.cnrtl.fr/definition/19828							
http://kaiko.getalp.org/dbnary/fra/cocasserie__nom__1							
	A._1.UND-1	Aspect drôle ou saugrenu d'une chose.	related	exact	narrower	Chose, parole cocasse.	http://kaiko.getalp.org/dbnary/fra/__ws_1_cocasserie__nom__1
	A._1.UND-2	Caractère amusant, plaisant d'une uvre, d'un style, d'un langage ou d'une situation.	related	related	narrower	Chose, parole cocasse.	http://kaiko.getalp.org/dbnary/fra/__ws_1_cocasserie__nom__1
	A._UND-4	Tendance habituelle à la plaisanterie; aspect physique ou moral suscitant le rire ou la moquerie.	none	none	narrower	Chose, parole cocasse.	http://kaiko.getalp.org/dbnary/fra/__ws_1_cocasserie__nom__1
	B._UND-6	Bon mot, trait comique de langage.	narrower	related	related	Chose, parole cocasse.	http://kaiko.getalp.org/dbnary/fra/__ws_1_cocasserie__nom__1
	B._UND-7	Situation comique; comportement, attitude morale dont l'extravagance ou l'étrangeté fait rire par l'effet de surprise qu'elle provoque généralement	narrower	none	narrower	Chose, parole cocasse.	http://kaiko.getalp.org/dbnary/fra/__ws_1_cocasserie__nom__1
	B._UND-8	uvre écrite, peinte ou jouée, tenant de la farce et du vaudeville.	none	none	narrower	Chose, parole cocasse.	http://kaiko.getalp.org/dbnary/fra/__ws_1_cocasserie__nom__1
	UND-5	Caractère de ce qui est cocasse, risible jusqu'au ridicule.	narrower	narrower	related	Chose, parole cocasse.	http://kaiko.getalp.org/dbnary/fra/__ws_1_cocasserie__nom__1
	UND-9	Propos, acte, situation portant au rire ou à la moquerie.	narrower	related	narrower	Chose, parole cocasse.	http://kaiko.getalp.org/dbnary/fra/__ws_1_cocasserie__nom__1
altération|noun|feminine							
https://www.cnrtl.fr/definition/5294							
http://kaiko.getalp.org/dbnary/fra/altération__nom__1							
	A._1.UND-3	Modification que l'on fait subir à l'intonation primitive d'une note en la haussant ou en la baissant au moyen de signes appelés signes d'altération.	none	none	none	(Jardinage) Diminution considérable de l'activité de la sève.	http://kaiko.getalp.org/dbnary/fra/__ws_5_altération__nom__1
	A._1.UND-3	Modification que l'on fait subir à l'intonation primitive d'une note en la haussant ou en la baissant au moyen de signes appelés signes d'altération.	none	none	none	Modification de bien en mal dans l’état d’une personne ou d’une chose.	http://kaiko.getalp.org/dbnary/fra/__ws_2_altération__nom__1
	A._1.UND-3	Modification que l'on fait subir à l'intonation primitive d'une note en la haussant ou en la baissant au moyen de signes appelés signes d'altération.	none	none	none	(Cartographie) Erreur systématique, généralement de valeur connue, inséparablement liée à la nature même d'un processus.	http://kaiko.getalp.org/dbnary/fra/__ws_7_altération__nom__1
	A._1.UND-3	Modification que l'on fait subir à l'intonation primitive d'une note en la haussant ou en la baissant au moyen de signes appelés signes d'altération.	none	none	none	(Chimie physique) Changement dans l’état d’une chose.	http://kaiko.getalp.org/dbnary/fra/__ws_1_altération__nom__1
	A._1.UND-3	Modification que l'on fait subir à l'intonation primitive d'une note en la haussant ou en la baissant au moyen de signes appelés signes d'altération.	none	none	none	(Vieilli) (Désuet) Grande soif, émotion d'esprit.	http://kaiko.getalp.org/dbnary/fra/__ws_6_altération__nom__1
	A._1.UND-3	Modification que l'on fait subir à l'intonation primitive d'une note en la haussant ou en la baissant au moyen de signes appelés signes d'altération.	exact	exact	exact	(Musique) Tout changement chromatique qu’on fait subir à une note.	http://kaiko.getalp.org/dbnary/fra/__ws_4_altération__nom__1
	A._1.UND-3	Modification que l'on fait subir à l'intonation primitive d'une note en la haussant ou en la baissant au moyen de signes appelés signes d'altération.	none	none	none	Falsification des monnaies par l’excès de l’alliage.	http://kaiko.getalp.org/dbnary/fra/__ws_3_altération__nom__1
	A._1.UND-4	Chez Aristote, changement dans la catégorie de qualité : le fait de devenir ou de rendre autre.	none	none	none	(Jardinage) Diminution considérable de l'activité de la sève.	http://kaiko.getalp.org/dbnary/fra/__ws_5_altération__nom__1
	A._1.UND-4	Chez Aristote, changement dans la catégorie de qualité : le fait de devenir ou de rendre autre.	related	none	related	Modification de bien en mal dans l’état d’une personne ou d’une chose.	http://kaiko.getalp.org/dbnary/fra/__ws_2_altération__nom__1
	A._1.UND-4	Chez Aristote, changement dans la catégorie de qualité : le fait de devenir ou de rendre autre.	none	none	none	(Cartographie) Erreur systématique, généralement de valeur connue, inséparablement liée à la nature même d'un processus.	http://kaiko.getalp.org/dbnary/fra/__ws_7_altération__nom__1
	A._1.UND-4	Chez Aristote, changement dans la catégorie de qualité : le fait de devenir ou de rendre autre.	none	none	none	(Chimie physique) Changement dans l’état d’une chose.	http://kaiko.getalp.org/dbnary/fra/__ws_1_altération__nom__1
	A._1.UND-4	Chez Aristote, changement dans la catégorie de qualité : le fait de devenir ou de rendre autre.	none	none	none	(Vieilli) (Désuet) Grande soif, émotion d'esprit.	http://kaiko.getalp.org/dbnary/fra/__ws_6_altération__nom__1
	A._1.UND-4	Chez Aristote, changement dans la catégorie de qualité : le fait de devenir ou de rendre autre.	none	none	none	(Musique) Tout changement chromatique qu’on fait subir à une note.	http://kaiko.getalp.org/dbnary/fra/__ws_4_altération__nom__1
	A._1.UND-4	Chez Aristote, changement dans la catégorie de qualité : le fait de devenir ou de rendre autre.	none	none	none	Falsification des monnaies par l’excès de l’alliage.	http://kaiko.getalp.org/dbnary/fra/__ws_3_altération__nom__1
	A._UND-5	Changement radical, sans nuance	none	none	none	(Jardinage) Diminution considérable de l'activité de la sève.	http://kaiko.getalp.org/dbnary/fra/__ws_5_altération__nom__1
	A._UND-5	Changement radical, sans nuance	related	none	related	Modification de bien en mal dans l’état d’une personne ou d’une chose.	http://kaiko.getalp.org/dbnary/fra/__ws_2_altération__nom__1
	A._UND-5	Changement radical, sans nuance	none	none	none	(Cartographie) Erreur systématique, généralement de valeur connue, inséparablement liée à la nature même d'un processus.	http://kaiko.getalp.org/dbnary/fra/__ws_7_altération__nom__1
	A._UND-5	Changement radical, sans nuance	none	related	none	(Chimie physique) Changement dans l’état d’une chose.	http://kaiko.getalp.org/dbnary/fra/__ws_1_altération__nom__1
	A._UND-5	Changement radical, sans nuance	none	none	none	(Vieilli) (Désuet) Grande soif, émotion d'esprit.	http://kaiko.getalp.org/dbnary/fra/__ws_6_altération__nom__1
	A._UND-5	Changement radical, sans nuance	none	none	none	(Musique) Tout changement chromatique qu’on fait subir à une note.	http://kaiko.getalp.org/dbnary/fra/__ws_4_altération__nom__1
	A._UND-5	Changement radical, sans nuance	none	none	none	Falsification des monnaies par l’excès de l’alliage.	http://kaiko.getalp.org/dbnary/fra/__ws_3_altération__nom__1
	B._1.b)UND-8	Chez Freud. Altération du moi : ensemble des limitations et des attitudes anachroniques acquises par le moi au cours des étapes du conflit défensif, et qui retentissent défavorablement sur ses possibilités d'adaptation.	none	none	none	(Jardinage) Diminution considérable de l'activité de la sève.	http://kaiko.getalp.org/dbnary/fra/__ws_5_altération__nom__1
	B._1.b)UND-8	Chez Freud. Altération du moi : ensemble des limitations et des attitudes anachroniques acquises par le moi au cours des étapes du conflit défensif, et qui retentissent défavorablement sur ses possibilités d'adaptation.	related	none	none	Modification de bien en mal dans l’état d’une personne ou d’une chose.	http://kaiko.getalp.org/dbnary/fra/__ws_2_altération__nom__1
	B._1.b)UND-8	Chez Freud. Altération du moi : ensemble des limitations et des attitudes anachroniques acquises par le moi au cours des étapes du conflit défensif, et qui retentissent défavorablement sur ses possibilités d'adaptation.	none	none	none	(Cartographie) Erreur systématique, généralement de valeur connue, inséparablement liée à la nature même d'un processus.	http://kaiko.getalp.org/dbnary/fra/__ws_7_altération__nom__1
	B._1.b)UND-8	Chez Freud. Altération du moi : ensemble des limitations et des attitudes anachroniques acquises par le moi au cours des étapes du conflit défensif, et qui retentissent défavorablement sur ses possibilités d'adaptation.	none	none	none	(Chimie physique) Changement dans l’état d’une chose.	http://kaiko.getalp.org/dbnary/fra/__ws_1_altération__nom__1
	B._1.b)UND-8	Chez Freud. Altération du moi : ensemble des limitations et des attitudes anachroniques acquises par le moi au cours des étapes du conflit défensif, et qui retentissent défavorablement sur ses possibilités d'adaptation.	none	none	none	(Vieilli) (Désuet) Grande soif, émotion d'esprit.	http://kaiko.getalp.org/dbnary/fra/__ws_6_altération__nom__1
	B._1.b)UND-8	Chez Freud. Altération du moi : ensemble des limitations et des attitudes anachroniques acquises par le moi au cours des étapes du conflit défensif, et qui retentissent défavorablement sur ses possibilités d'adaptation.	none	none	none	(Musique) Tout changement chromatique qu’on fait subir à une note.	http://kaiko.getalp.org/dbnary/fra/__ws_4_altération__nom__1
	B._1.b)UND-8	Chez Freud. Altération du moi : ensemble des limitations et des attitudes anachroniques acquises par le moi au cours des étapes du conflit défensif, et qui retentissent défavorablement sur ses possibilités d'adaptation.	none	none	none	Falsification des monnaies par l’excès de l’alliage.	http://kaiko.getalp.org/dbnary/fra/__ws_3_altération__nom__1
	B._2.UND-10	Contrefaçon, falsification, imitation frauduleuse	none	none	none	(Jardinage) Diminution considérable de l'activité de la sève.	http://kaiko.getalp.org/dbnary/fra/__ws_5_altération__nom__1
	B._2.UND-10	Contrefaçon, falsification, imitation frauduleuse	none	related	none	Modification de bien en mal dans l’état d’une personne ou d’une chose.	http://kaiko.getalp.org/dbnary/fra/__ws_2_altération__nom__1
	B._2.UND-10	Contrefaçon, falsification, imitation frauduleuse	none	none	none	(Cartographie) Erreur systématique, généralement de valeur connue, inséparablement liée à la nature même d'un processus.	http://kaiko.getalp.org/dbnary/fra/__ws_7_altération__nom__1
	B._2.UND-10	Contrefaçon, falsification, imitation frauduleuse	none	none	none	(Chimie physique) Changement dans l’état d’une chose.	http://kaiko.getalp.org/dbnary/fra/__ws_1_altération__nom__1
	B._2.UND-10	Contrefaçon, falsification, imitation frauduleuse	none	none	none	(Vieilli) (Désuet) Grande soif, émotion d'esprit.	http://kaiko.getalp.org/dbnary/fra/__ws_6_altération__nom__1
	B._2.UND-10	Contrefaçon, falsification, imitation frauduleuse	none	none	none	(Musique) Tout changement chromatique qu’on fait subir à une note.	http://kaiko.getalp.org/dbnary/fra/__ws_4_altération__nom__1
	B._2.UND-10	Contrefaçon, falsification, imitation frauduleuse	broader	broader	broader	Falsification des monnaies par l’excès de l’alliage.	http://kaiko.getalp.org/dbnary/fra/__ws_3_altération__nom__1
	B._2.UND-11	Action de changer sciemment la consigne, en parlant du chef d'un poste. C'est un délit que l'on punit de six mois d'emprisonnement.	none	none	none	(Jardinage) Diminution considérable de l'activité de la sève.	http://kaiko.getalp.org/dbnary/fra/__ws_5_altération__nom__1
	B._2.UND-11	Action de changer sciemment la consigne, en parlant du chef d'un poste. C'est un délit que l'on punit de six mois d'emprisonnement.	none	none	none	Modification de bien en mal dans l’état d’une personne ou d’une chose.	http://kaiko.getalp.org/dbnary/fra/__ws_2_altération__nom__1
	B._2.UND-11	Action de changer sciemment la consigne, en parlant du chef d'un poste. C'est un délit que l'on punit de six mois d'emprisonnement.	none	none	none	(Cartographie) Erreur systématique, généralement de valeur connue, inséparablement liée à la nature même d'un processus.	http://kaiko.getalp.org/dbnary/fra/__ws_7_altération__nom__1
	B._2.UND-11	Action de changer sciemment la consigne, en parlant du chef d'un poste. C'est un délit que l'on punit de six mois d'emprisonnement.	none	none	none	(Chimie physique) Changement dans l’état d’une chose.	http://kaiko.getalp.org/dbnary/fra/__ws_1_altération__nom__1
	B._2.UND-11	Action de changer sciemment la consigne, en parlant du chef d'un poste. C'est un délit que l'on punit de six mois d'emprisonnement.	none	none	none	(Vieilli) (Désuet) Grande soif, émotion d'esprit.	http://kaiko.getalp.org/dbnary/fra/__ws_6_altération__nom__1
	B._2.UND-11	Action de changer sciemment la consigne, en parlant du chef d'un poste. C'est un délit que l'on punit de six mois d'emprisonnement.	none	none	none	(Musique) Tout changement chromatique qu’on fait subir à une note.	http://kaiko.getalp.org/dbnary/fra/__ws_4_altération__nom__1
	B._2.UND-11	Action de changer sciemment la consigne, en parlant du chef d'un poste. C'est un délit que l'on punit de six mois d'emprisonnement.	none	none	none	Falsification des monnaies par l’excès de l’alliage.	http://kaiko.getalp.org/dbnary/fra/__ws_3_altération__nom__1
	UND-13	Dégradation par rapport à l'état initial ou normal d'une chose, ou aspect de l'être humain.	none	none	none	(Jardinage) Diminution considérable de l'activité de la sève.	http://kaiko.getalp.org/dbnary/fra/__ws_5_altération__nom__1
	UND-13	Dégradation par rapport à l'état initial ou normal d'une chose, ou aspect de l'être humain.	exact	exact	exact	Modification de bien en mal dans l’état d’une personne ou d’une chose.	http://kaiko.getalp.org/dbnary/fra/__ws_2_altération__nom__1
	UND-13	Dégradation par rapport à l'état initial ou normal d'une chose, ou aspect de l'être humain.	none	none	none	(Cartographie) Erreur systématique, généralement de valeur connue, inséparablement liée à la nature même d'un processus.	http://kaiko.getalp.org/dbnary/fra/__ws_7_altération__nom__1
	UND-13	Dégradation par rapport à l'état initial ou normal d'une chose, ou aspect de l'être humain.	none	none	related	(Chimie physique) Changement dans l’état d’une chose.	http://kaiko.getalp.org/dbnary/fra/__ws_1_altération__nom__1
	UND-13	Dégradation par rapport à l'état initial ou normal d'une chose, ou aspect de l'être humain.	none	none	none	(Vieilli) (Désuet) Grande soif, émotion d'esprit.	http://kaiko.getalp.org/dbnary/fra/__ws_6_altération__nom__1
	UND-13	Dégradation par rapport à l'état initial ou normal d'une chose, ou aspect de l'être humain.	none	none	none	(Musique) Tout changement chromatique qu’on fait subir à une note.	http://kaiko.getalp.org/dbnary/fra/__ws_4_altération__nom__1
	UND-13	Dégradation par rapport à l'état initial ou normal d'une chose, ou aspect de l'être humain.	none	none	none	Falsification des monnaies par l’excès de l’alliage.	http://kaiko.getalp.org/dbnary/fra/__ws_3_altération__nom__1
	UND-6	Modification de l'état ou de la qualité d'une chose.	none	none	broader	(Jardinage) Diminution considérable de l'activité de la sève.	http://kaiko.getalp.org/dbnary/fra/__ws_5_altération__nom__1
	UND-6	Modification de l'état ou de la qualité d'une chose.	broader	broader	broader	Modification de bien en mal dans l’état d’une personne ou d’une chose.	http://kaiko.getalp.org/dbnary/fra/__ws_2_altération__nom__1
	UND-6	Modification de l'état ou de la qualité d'une chose.	none	none	none	(Cartographie) Erreur systématique, généralement de valeur connue, inséparablement liée à la nature même d'un processus.	http://kaiko.getalp.org/dbnary/fra/__ws_7_altération__nom__1
	UND-6	Modification de l'état ou de la qualité d'une chose.	none	related	broader	(Chimie physique) Changement dans l’état d’une chose.	http://kaiko.getalp.org/dbnary/fra/__ws_1_altération__nom__1
	UND-6	Modification de l'état ou de la qualité d'une chose.	none	none	none	(Vieilli) (Désuet) Grande soif, émotion d'esprit.	http://kaiko.getalp.org/dbnary/fra/__ws_6_altération__nom__1
	UND-6	Modification de l'état ou de la qualité d'une chose.	none	none	broader	(Musique) Tout changement chromatique qu’on fait subir à une note.	http://kaiko.getalp.org/dbnary/fra/__ws_4_altération__nom__1
	UND-6	Modification de l'état ou de la qualité d'une chose.	none	none	none	Falsification des monnaies par l’excès de l’alliage.	http://kaiko.getalp.org/dbnary/fra/__ws_3_altération__nom__1
courser|verb|							
https://www.cnrtl.fr/definition/22674							
http://kaiko.getalp.org/dbnary/fra/courser__verb__1							
	UND-1	Poursuivre à la course (une personne ou un animal).	exact	exact	exact	Poursuivre ; courir après quelqu’un ou un animal.	http://kaiko.getalp.org/dbnary/fra/__ws_1_courser__verb__1
	UND-2	Poursuivre une femme de ses assiduités	narrower	narrower	none	Poursuivre ; courir après quelqu’un ou un animal.	http://kaiko.getalp.org/dbnary/fra/__ws_1_courser__verb__1
papyrus|noun|masculine							
https://www.cnrtl.fr/definition/60654							
http://kaiko.getalp.org/dbnary/fra/papyrus__nom__1							
	B._UND-2	Feuille constituée par la superposition de deux couches pressées de fines bandes de tiges de cette plante, l'une horizontale, l'autre verticale, séchée et poncée, utilisée par les Égyptiens de l'Antiquité pour la confection de leurs manuscrits; ensemble de feuilles collées bout à bout.	exact	exact	exact	(Par extension) Feuille faite avec le papyrus.	http://kaiko.getalp.org/dbnary/fra/__ws_2_papyrus__nom__1
	B._UND-2	Feuille constituée par la superposition de deux couches pressées de fines bandes de tiges de cette plante, l'une horizontale, l'autre verticale, séchée et poncée, utilisée par les Égyptiens de l'Antiquité pour la confection de leurs manuscrits; ensemble de feuilles collées bout à bout.	related	none	none	(Botanique) Plante de la famille des cypéracées (Cyperaceae). Plante aquatique herbacée qui pousse en Égypte le long du Nil, dont la tige est triangulaire et de l’écorce duquel les anciens Égyptiens faisaient les feuilles dont ils se servaient pour écrire.	http://kaiko.getalp.org/dbnary/fra/__ws_1_papyrus__nom__1
	B._UND-2	Feuille constituée par la superposition de deux couches pressées de fines bandes de tiges de cette plante, l'une horizontale, l'autre verticale, séchée et poncée, utilisée par les Égyptiens de l'Antiquité pour la confection de leurs manuscrits; ensemble de feuilles collées bout à bout.	related	none	none	(Par métonymie) Texte écrit sur une feuille de papyrus.	http://kaiko.getalp.org/dbnary/fra/__ws_3_papyrus__nom__1
	B._UND-3	Manuscrit dont le support est un papyrus; texte de ce manuscrit.	related	none	none	(Par extension) Feuille faite avec le papyrus.	http://kaiko.getalp.org/dbnary/fra/__ws_2_papyrus__nom__1
	B._UND-3	Manuscrit dont le support est un papyrus; texte de ce manuscrit.	related	none	none	(Botanique) Plante de la famille des cypéracées (Cyperaceae). Plante aquatique herbacée qui pousse en Égypte le long du Nil, dont la tige est triangulaire et de l’écorce duquel les anciens Égyptiens faisaient les feuilles dont ils se servaient pour écrire.	http://kaiko.getalp.org/dbnary/fra/__ws_1_papyrus__nom__1
	B._UND-3	Manuscrit dont le support est un papyrus; texte de ce manuscrit.	broader	exact	exact	(Par métonymie) Texte écrit sur une feuille de papyrus.	http://kaiko.getalp.org/dbnary/fra/__ws_3_papyrus__nom__1
	UND-1	Roseau composé d'une grosse racine rampante et d'une longue tige nue, à section triangulaire, portant une touffe de minces feuilles et une fleur en ombelle.	related	none	none	(Par extension) Feuille faite avec le papyrus.	http://kaiko.getalp.org/dbnary/fra/__ws_2_papyrus__nom__1
	UND-1	Roseau composé d'une grosse racine rampante et d'une longue tige nue, à section triangulaire, portant une touffe de minces feuilles et une fleur en ombelle.	exact	related	exact	(Botanique) Plante de la famille des cypéracées (Cyperaceae). Plante aquatique herbacée qui pousse en Égypte le long du Nil, dont la tige est triangulaire et de l’écorce duquel les anciens Égyptiens faisaient les feuilles dont ils se servaient pour écrire.	http://kaiko.getalp.org/dbnary/fra/__ws_1_papyrus__nom__1
	UND-1	Roseau composé d'une grosse racine rampante et d'une longue tige nue, à section triangulaire, portant une touffe de minces feuilles et une fleur en ombelle.	related	none	none	(Par métonymie) Texte écrit sur une feuille de papyrus.	http://kaiko.getalp.org/dbnary/fra/__ws_3_papyrus__nom__1
armoire|noun|feminine							
https://www.cnrtl.fr/definition/8504							
http://kaiko.getalp.org/dbnary/fra/armoire__nom__1							
	B._UND-2	Grand meuble, ordinairement plus haut que large, garni de tablettes et fermé par une ou plusieurs portes, destiné à renfermer les objets de ménage, le linge, les vêtements	broader	related	related	(Québec) Placard, meuble de rangement, notamment pour le matériel de cuisine.	http://kaiko.getalp.org/dbnary/fra/__ws_2_armoire__nom__1
	B._UND-2	Grand meuble, ordinairement plus haut que large, garni de tablettes et fermé par une ou plusieurs portes, destiné à renfermer les objets de ménage, le linge, les vêtements	exact	exact	exact	(Mobilier) Meuble haut fermé par une ou deux portes et destiné au rangement du linge, des vêtements ou d’autres objets.	http://kaiko.getalp.org/dbnary/fra/__ws_1_armoire__nom__1
	B._UND-2	Grand meuble, ordinairement plus haut que large, garni de tablettes et fermé par une ou plusieurs portes, destiné à renfermer les objets de ménage, le linge, les vêtements	related	none	related	(Québec) Armoire en muraille : Placard situé dans l'épaisseur d'un mur.	http://kaiko.getalp.org/dbnary/fra/__ws_3_armoire__nom__1
	C._UND-14	Enveloppe métallique fixée au sol, qui contient tout ou partie des appareils entrant dans la composition d'un équipement électrique.	none	none	none	(Québec) Placard, meuble de rangement, notamment pour le matériel de cuisine.	http://kaiko.getalp.org/dbnary/fra/__ws_2_armoire__nom__1
	C._UND-14	Enveloppe métallique fixée au sol, qui contient tout ou partie des appareils entrant dans la composition d'un équipement électrique.	none	none	none	(Mobilier) Meuble haut fermé par une ou deux portes et destiné au rangement du linge, des vêtements ou d’autres objets.	http://kaiko.getalp.org/dbnary/fra/__ws_1_armoire__nom__1
	C._UND-14	Enveloppe métallique fixée au sol, qui contient tout ou partie des appareils entrant dans la composition d'un équipement électrique.	none	none	none	(Québec) Armoire en muraille : Placard situé dans l'épaisseur d'un mur.	http://kaiko.getalp.org/dbnary/fra/__ws_3_armoire__nom__1
	C._UND-15	Meuble métallique contenant des relais, des mémoires ou autres organes non inclus dans une machine. On connecte l'armoire à cette machine pour en augmenter les possibilités.	none	none	none	(Québec) Placard, meuble de rangement, notamment pour le matériel de cuisine.	http://kaiko.getalp.org/dbnary/fra/__ws_2_armoire__nom__1
	C._UND-15	Meuble métallique contenant des relais, des mémoires ou autres organes non inclus dans une machine. On connecte l'armoire à cette machine pour en augmenter les possibilités.	none	none	none	(Mobilier) Meuble haut fermé par une ou deux portes et destiné au rangement du linge, des vêtements ou d’autres objets.	http://kaiko.getalp.org/dbnary/fra/__ws_1_armoire__nom__1
	C._UND-15	Meuble métallique contenant des relais, des mémoires ou autres organes non inclus dans une machine. On connecte l'armoire à cette machine pour en augmenter les possibilités.	none	none	none	(Québec) Armoire en muraille : Placard situé dans l'épaisseur d'un mur.	http://kaiko.getalp.org/dbnary/fra/__ws_3_armoire__nom__1
	UND-1	Réduit aménagé dans l'épaisseur d'une muraille, clos par des portes et contenant des objets précieux, éventuellement des vivres.	none	none	none	(Québec) Placard, meuble de rangement, notamment pour le matériel de cuisine.	http://kaiko.getalp.org/dbnary/fra/__ws_2_armoire__nom__1
	UND-1	Réduit aménagé dans l'épaisseur d'une muraille, clos par des portes et contenant des objets précieux, éventuellement des vivres.	none	none	none	(Mobilier) Meuble haut fermé par une ou deux portes et destiné au rangement du linge, des vêtements ou d’autres objets.	http://kaiko.getalp.org/dbnary/fra/__ws_1_armoire__nom__1
	UND-1	Réduit aménagé dans l'épaisseur d'une muraille, clos par des portes et contenant des objets précieux, éventuellement des vivres.	narrower	narrower	narrower	(Québec) Armoire en muraille : Placard situé dans l'épaisseur d'un mur.	http://kaiko.getalp.org/dbnary/fra/__ws_3_armoire__nom__1
amener|verb|							
https://www.cnrtl.fr/definition/5634							
http://kaiko.getalp.org/dbnary/fra/amener__verb__1							
	I._B._1.UND-9	[L'obj. désigne une chose capable de mouvement]  Acheminer par un moyen de transport quelconque là où se trouve le sujet parlant (ou l'interlocuteur), ou au lieu précisé par le compl. circ.	none	none	related	(Pronominal) Arriver.	http://kaiko.getalp.org/dbnary/fra/__ws_10_amener__verb__1
	I._B._1.UND-9	[L'obj. désigne une chose capable de mouvement]  Acheminer par un moyen de transport quelconque là où se trouve le sujet parlant (ou l'interlocuteur), ou au lieu précisé par le compl. circ.	none	none	none	(Acadie) (Gaspésie) Mettre bas, en parlant des animaux.	http://kaiko.getalp.org/dbnary/fra/__ws_11_amener__verb__1
	I._B._1.UND-9	[L'obj. désigne une chose capable de mouvement]  Acheminer par un moyen de transport quelconque là où se trouve le sujet parlant (ou l'interlocuteur), ou au lieu précisé par le compl. circ.	narrower	narrower	narrower	Conduire, transporter vers un autre endroit.	http://kaiko.getalp.org/dbnary/fra/__ws_2_amener__verb__1
	I._B._1.UND-9	[L'obj. désigne une chose capable de mouvement]  Acheminer par un moyen de transport quelconque là où se trouve le sujet parlant (ou l'interlocuteur), ou au lieu précisé par le compl. circ.	none	none	none	(Figuré) Parvenir à faire adopter une opinion à quelqu’un.	http://kaiko.getalp.org/dbnary/fra/__ws_3_amener__verb__1
	I._B._1.UND-9	[L'obj. désigne une chose capable de mouvement]  Acheminer par un moyen de transport quelconque là où se trouve le sujet parlant (ou l'interlocuteur), ou au lieu précisé par le compl. circ.	none	none	none	Tirer à soi.	http://kaiko.getalp.org/dbnary/fra/__ws_4_amener__verb__1
	I._B._1.UND-9	[L'obj. désigne une chose capable de mouvement]  Acheminer par un moyen de transport quelconque là où se trouve le sujet parlant (ou l'interlocuteur), ou au lieu précisé par le compl. circ.	none	none	none	(Marine) Faire descendre.	http://kaiko.getalp.org/dbnary/fra/__ws_5_amener__verb__1
	I._B._1.UND-9	[L'obj. désigne une chose capable de mouvement]  Acheminer par un moyen de transport quelconque là où se trouve le sujet parlant (ou l'interlocuteur), ou au lieu précisé par le compl. circ.	none	none	none	(Marine) (Par extension) Baisser son pavillon pour marquer qu’on se rend à l’ennemi.	http://kaiko.getalp.org/dbnary/fra/__ws_6_amener__verb__1
	I._B._1.UND-9	[L'obj. désigne une chose capable de mouvement]  Acheminer par un moyen de transport quelconque là où se trouve le sujet parlant (ou l'interlocuteur), ou au lieu précisé par le compl. circ.	none	none	none	(Figuré) Introduire, faire adopter, mettre en usage.	http://kaiko.getalp.org/dbnary/fra/__ws_7_amener__verb__1
	I._B._1.UND-9	[L'obj. désigne une chose capable de mouvement]  Acheminer par un moyen de transport quelconque là où se trouve le sujet parlant (ou l'interlocuteur), ou au lieu précisé par le compl. circ.	none	none	none	Passer d’une chose à une autre qui la suit immédiatement, ou qui en est la conséquence.	http://kaiko.getalp.org/dbnary/fra/__ws_8_amener__verb__1
	I._B._1.UND-9	[L'obj. désigne une chose capable de mouvement]  Acheminer par un moyen de transport quelconque là où se trouve le sujet parlant (ou l'interlocuteur), ou au lieu précisé par le compl. circ.	none	none	related	(Pronominal) Venir.	http://kaiko.getalp.org/dbnary/fra/__ws_9_amener__verb__1
	I._B._1.UND-9	[L'obj. désigne une chose capable de mouvement]  Acheminer par un moyen de transport quelconque là où se trouve le sujet parlant (ou l'interlocuteur), ou au lieu précisé par le compl. circ.	narrower	narrower	narrower	Mener d’un lieu à un autre.	http://kaiko.getalp.org/dbnary/fra/__ws_1_amener__verb__1
	I._B._3.a)UND-14	MAR. (à voiles).  Tirer à soi, faire descendre (par un mouvement vertical).	none	none	none	(Pronominal) Arriver.	http://kaiko.getalp.org/dbnary/fra/__ws_10_amener__verb__1
	I._B._3.a)UND-14	MAR. (à voiles).  Tirer à soi, faire descendre (par un mouvement vertical).	none	none	none	(Acadie) (Gaspésie) Mettre bas, en parlant des animaux.	http://kaiko.getalp.org/dbnary/fra/__ws_11_amener__verb__1
	I._B._3.a)UND-14	MAR. (à voiles).  Tirer à soi, faire descendre (par un mouvement vertical).	none	none	none	Conduire, transporter vers un autre endroit.	http://kaiko.getalp.org/dbnary/fra/__ws_2_amener__verb__1
	I._B._3.a)UND-14	MAR. (à voiles).  Tirer à soi, faire descendre (par un mouvement vertical).	none	none	none	(Figuré) Parvenir à faire adopter une opinion à quelqu’un.	http://kaiko.getalp.org/dbnary/fra/__ws_3_amener__verb__1
	I._B._3.a)UND-14	MAR. (à voiles).  Tirer à soi, faire descendre (par un mouvement vertical).	broader	exact	broader	Tirer à soi.	http://kaiko.getalp.org/dbnary/fra/__ws_4_amener__verb__1
	I._B._3.a)UND-14	MAR. (à voiles).  Tirer à soi, faire descendre (par un mouvement vertical).	broader	exact	related	(Marine) Faire descendre.	http://kaiko.getalp.org/dbnary/fra/__ws_5_amener__verb__1
	I._B._3.a)UND-14	MAR. (à voiles).  Tirer à soi, faire descendre (par un mouvement vertical).	related	broader	none	(Marine) (Par extension) Baisser son pavillon pour marquer qu’on se rend à l’ennemi.	http://kaiko.getalp.org/dbnary/fra/__ws_6_amener__verb__1
	I._B._3.a)UND-14	MAR. (à voiles).  Tirer à soi, faire descendre (par un mouvement vertical).	none	none	none	(Figuré) Introduire, faire adopter, mettre en usage.	http://kaiko.getalp.org/dbnary/fra/__ws_7_amener__verb__1
	I._B._3.a)UND-14	MAR. (à voiles).  Tirer à soi, faire descendre (par un mouvement vertical).	none	none	none	Passer d’une chose à une autre qui la suit immédiatement, ou qui en est la conséquence.	http://kaiko.getalp.org/dbnary/fra/__ws_8_amener__verb__1
	I._B._3.a)UND-14	MAR. (à voiles).  Tirer à soi, faire descendre (par un mouvement vertical).	none	none	none	(Pronominal) Venir.	http://kaiko.getalp.org/dbnary/fra/__ws_9_amener__verb__1
	I._B._3.a)UND-14	MAR. (à voiles).  Tirer à soi, faire descendre (par un mouvement vertical).	none	none	none	Mener d’un lieu à un autre.	http://kaiko.getalp.org/dbnary/fra/__ws_1_amener__verb__1
	I._B._3.b)UND-18	 JEUX (dés, trictrac, cartes, loteries…). Faire sortir, jouer (un numéro, etc.)	none	none	none	(Pronominal) Arriver.	http://kaiko.getalp.org/dbnary/fra/__ws_10_amener__verb__1
	I._B._3.b)UND-18	 JEUX (dés, trictrac, cartes, loteries…). Faire sortir, jouer (un numéro, etc.)	none	none	none	(Acadie) (Gaspésie) Mettre bas, en parlant des animaux.	http://kaiko.getalp.org/dbnary/fra/__ws_11_amener__verb__1
	I._B._3.b)UND-18	 JEUX (dés, trictrac, cartes, loteries…). Faire sortir, jouer (un numéro, etc.)	none	none	none	Conduire, transporter vers un autre endroit.	http://kaiko.getalp.org/dbnary/fra/__ws_2_amener__verb__1
	I._B._3.b)UND-18	 JEUX (dés, trictrac, cartes, loteries…). Faire sortir, jouer (un numéro, etc.)	none	none	none	(Figuré) Parvenir à faire adopter une opinion à quelqu’un.	http://kaiko.getalp.org/dbnary/fra/__ws_3_amener__verb__1
	I._B._3.b)UND-18	 JEUX (dés, trictrac, cartes, loteries…). Faire sortir, jouer (un numéro, etc.)	none	none	none	Tirer à soi.	http://kaiko.getalp.org/dbnary/fra/__ws_4_amener__verb__1
	I._B._3.b)UND-18	 JEUX (dés, trictrac, cartes, loteries…). Faire sortir, jouer (un numéro, etc.)	none	none	none	(Marine) Faire descendre.	http://kaiko.getalp.org/dbnary/fra/__ws_5_amener__verb__1
	I._B._3.b)UND-18	 JEUX (dés, trictrac, cartes, loteries…). Faire sortir, jouer (un numéro, etc.)	none	none	none	(Marine) (Par extension) Baisser son pavillon pour marquer qu’on se rend à l’ennemi.	http://kaiko.getalp.org/dbnary/fra/__ws_6_amener__verb__1
	I._B._3.b)UND-18	 JEUX (dés, trictrac, cartes, loteries…). Faire sortir, jouer (un numéro, etc.)	none	none	none	(Figuré) Introduire, faire adopter, mettre en usage.	http://kaiko.getalp.org/dbnary/fra/__ws_7_amener__verb__1
	I._B._3.b)UND-18	 JEUX (dés, trictrac, cartes, loteries…). Faire sortir, jouer (un numéro, etc.)	none	none	none	Passer d’une chose à une autre qui la suit immédiatement, ou qui en est la conséquence.	http://kaiko.getalp.org/dbnary/fra/__ws_8_amener__verb__1
	I._B._3.b)UND-18	 JEUX (dés, trictrac, cartes, loteries…). Faire sortir, jouer (un numéro, etc.)	none	none	none	(Pronominal) Venir.	http://kaiko.getalp.org/dbnary/fra/__ws_9_amener__verb__1
	I._B._3.b)UND-18	 JEUX (dés, trictrac, cartes, loteries…). Faire sortir, jouer (un numéro, etc.)	none	none	none	Mener d’un lieu à un autre.	http://kaiko.getalp.org/dbnary/fra/__ws_1_amener__verb__1
	I._B._3.b)UND-23	JEUX (dés, trictrac, cartes, loteries…). Produire, présenter.	none	none	none	(Pronominal) Arriver.	http://kaiko.getalp.org/dbnary/fra/__ws_10_amener__verb__1
	I._B._3.b)UND-23	JEUX (dés, trictrac, cartes, loteries…). Produire, présenter.	none	none	none	(Acadie) (Gaspésie) Mettre bas, en parlant des animaux.	http://kaiko.getalp.org/dbnary/fra/__ws_11_amener__verb__1
	I._B._3.b)UND-23	JEUX (dés, trictrac, cartes, loteries…). Produire, présenter.	none	none	none	Conduire, transporter vers un autre endroit.	http://kaiko.getalp.org/dbnary/fra/__ws_2_amener__verb__1
	I._B._3.b)UND-23	JEUX (dés, trictrac, cartes, loteries…). Produire, présenter.	none	none	none	(Figuré) Parvenir à faire adopter une opinion à quelqu’un.	http://kaiko.getalp.org/dbnary/fra/__ws_3_amener__verb__1
	I._B._3.b)UND-23	JEUX (dés, trictrac, cartes, loteries…). Produire, présenter.	none	none	none	Tirer à soi.	http://kaiko.getalp.org/dbnary/fra/__ws_4_amener__verb__1
	I._B._3.b)UND-23	JEUX (dés, trictrac, cartes, loteries…). Produire, présenter.	none	none	none	(Marine) Faire descendre.	http://kaiko.getalp.org/dbnary/fra/__ws_5_amener__verb__1
	I._B._3.b)UND-23	JEUX (dés, trictrac, cartes, loteries…). Produire, présenter.	none	none	none	(Marine) (Par extension) Baisser son pavillon pour marquer qu’on se rend à l’ennemi.	http://kaiko.getalp.org/dbnary/fra/__ws_6_amener__verb__1
	I._B._3.b)UND-23	JEUX (dés, trictrac, cartes, loteries…). Produire, présenter.	none	none	none	(Figuré) Introduire, faire adopter, mettre en usage.	http://kaiko.getalp.org/dbnary/fra/__ws_7_amener__verb__1
	I._B._3.b)UND-23	JEUX (dés, trictrac, cartes, loteries…). Produire, présenter.	none	none	none	Passer d’une chose à une autre qui la suit immédiatement, ou qui en est la conséquence.	http://kaiko.getalp.org/dbnary/fra/__ws_8_amener__verb__1
	I._B._3.b)UND-23	JEUX (dés, trictrac, cartes, loteries…). Produire, présenter.	none	none	none	(Pronominal) Venir.	http://kaiko.getalp.org/dbnary/fra/__ws_9_amener__verb__1
	I._B._3.b)UND-23	JEUX (dés, trictrac, cartes, loteries…). Produire, présenter.	none	none	none	Mener d’un lieu à un autre.	http://kaiko.getalp.org/dbnary/fra/__ws_1_amener__verb__1
	I._B._UND-13	[En parlant de ce qu'on peut tenir dans la main, des obj. fam. ou usuels] Apporter	none	none	none	(Pronominal) Arriver.	http://kaiko.getalp.org/dbnary/fra/__ws_10_amener__verb__1
	I._B._UND-13	[En parlant de ce qu'on peut tenir dans la main, des obj. fam. ou usuels] Apporter	none	none	none	(Acadie) (Gaspésie) Mettre bas, en parlant des animaux.	http://kaiko.getalp.org/dbnary/fra/__ws_11_amener__verb__1
	I._B._UND-13	[En parlant de ce qu'on peut tenir dans la main, des obj. fam. ou usuels] Apporter	exact	related	related	Conduire, transporter vers un autre endroit.	http://kaiko.getalp.org/dbnary/fra/__ws_2_amener__verb__1
	I._B._UND-13	[En parlant de ce qu'on peut tenir dans la main, des obj. fam. ou usuels] Apporter	none	none	none	(Figuré) Parvenir à faire adopter une opinion à quelqu’un.	http://kaiko.getalp.org/dbnary/fra/__ws_3_amener__verb__1
	I._B._UND-13	[En parlant de ce qu'on peut tenir dans la main, des obj. fam. ou usuels] Apporter	none	none	none	Tirer à soi.	http://kaiko.getalp.org/dbnary/fra/__ws_4_amener__verb__1
	I._B._UND-13	[En parlant de ce qu'on peut tenir dans la main, des obj. fam. ou usuels] Apporter	none	none	none	(Marine) Faire descendre.	http://kaiko.getalp.org/dbnary/fra/__ws_5_amener__verb__1
	I._B._UND-13	[En parlant de ce qu'on peut tenir dans la main, des obj. fam. ou usuels] Apporter	none	none	none	(Marine) (Par extension) Baisser son pavillon pour marquer qu’on se rend à l’ennemi.	http://kaiko.getalp.org/dbnary/fra/__ws_6_amener__verb__1
	I._B._UND-13	[En parlant de ce qu'on peut tenir dans la main, des obj. fam. ou usuels] Apporter	none	none	none	(Figuré) Introduire, faire adopter, mettre en usage.	http://kaiko.getalp.org/dbnary/fra/__ws_7_amener__verb__1
	I._B._UND-13	[En parlant de ce qu'on peut tenir dans la main, des obj. fam. ou usuels] Apporter	none	none	none	Passer d’une chose à une autre qui la suit immédiatement, ou qui en est la conséquence.	http://kaiko.getalp.org/dbnary/fra/__ws_8_amener__verb__1
	I._B._UND-13	[En parlant de ce qu'on peut tenir dans la main, des obj. fam. ou usuels] Apporter	none	none	none	(Pronominal) Venir.	http://kaiko.getalp.org/dbnary/fra/__ws_9_amener__verb__1
	I._B._UND-13	[En parlant de ce qu'on peut tenir dans la main, des obj. fam. ou usuels] Apporter	exact	related	related	Mener d’un lieu à un autre.	http://kaiko.getalp.org/dbnary/fra/__ws_1_amener__verb__1
	I._UND-8	[L'obj. du verbe désigne un être doué de mouvement] Le mener (pour ainsi dire par la main) au lieu où se trouve le sujet parlant ou indiqué par lui.	none	none	none	(Pronominal) Arriver.	http://kaiko.getalp.org/dbnary/fra/__ws_10_amener__verb__1
	I._UND-8	[L'obj. du verbe désigne un être doué de mouvement] Le mener (pour ainsi dire par la main) au lieu où se trouve le sujet parlant ou indiqué par lui.	none	none	none	(Acadie) (Gaspésie) Mettre bas, en parlant des animaux.	http://kaiko.getalp.org/dbnary/fra/__ws_11_amener__verb__1
	I._UND-8	[L'obj. du verbe désigne un être doué de mouvement] Le mener (pour ainsi dire par la main) au lieu où se trouve le sujet parlant ou indiqué par lui.	narrower	related	narrower	Conduire, transporter vers un autre endroit.	http://kaiko.getalp.org/dbnary/fra/__ws_2_amener__verb__1
	I._UND-8	[L'obj. du verbe désigne un être doué de mouvement] Le mener (pour ainsi dire par la main) au lieu où se trouve le sujet parlant ou indiqué par lui.	none	none	none	(Figuré) Parvenir à faire adopter une opinion à quelqu’un.	http://kaiko.getalp.org/dbnary/fra/__ws_3_amener__verb__1
	I._UND-8	[L'obj. du verbe désigne un être doué de mouvement] Le mener (pour ainsi dire par la main) au lieu où se trouve le sujet parlant ou indiqué par lui.	none	none	none	Tirer à soi.	http://kaiko.getalp.org/dbnary/fra/__ws_4_amener__verb__1
	I._UND-8	[L'obj. du verbe désigne un être doué de mouvement] Le mener (pour ainsi dire par la main) au lieu où se trouve le sujet parlant ou indiqué par lui.	none	none	none	(Marine) Faire descendre.	http://kaiko.getalp.org/dbnary/fra/__ws_5_amener__verb__1
	I._UND-8	[L'obj. du verbe désigne un être doué de mouvement] Le mener (pour ainsi dire par la main) au lieu où se trouve le sujet parlant ou indiqué par lui.	none	none	none	(Marine) (Par extension) Baisser son pavillon pour marquer qu’on se rend à l’ennemi.	http://kaiko.getalp.org/dbnary/fra/__ws_6_amener__verb__1
	I._UND-8	[L'obj. du verbe désigne un être doué de mouvement] Le mener (pour ainsi dire par la main) au lieu où se trouve le sujet parlant ou indiqué par lui.	none	none	none	(Figuré) Introduire, faire adopter, mettre en usage.	http://kaiko.getalp.org/dbnary/fra/__ws_7_amener__verb__1
	I._UND-8	[L'obj. du verbe désigne un être doué de mouvement] Le mener (pour ainsi dire par la main) au lieu où se trouve le sujet parlant ou indiqué par lui.	none	none	none	Passer d’une chose à une autre qui la suit immédiatement, ou qui en est la conséquence.	http://kaiko.getalp.org/dbnary/fra/__ws_8_amener__verb__1
	I._UND-8	[L'obj. du verbe désigne un être doué de mouvement] Le mener (pour ainsi dire par la main) au lieu où se trouve le sujet parlant ou indiqué par lui.	none	none	none	(Pronominal) Venir.	http://kaiko.getalp.org/dbnary/fra/__ws_9_amener__verb__1
	I._UND-8	[L'obj. du verbe désigne un être doué de mouvement] Le mener (pour ainsi dire par la main) au lieu où se trouve le sujet parlant ou indiqué par lui.	narrower	narrower	narrower	Mener d’un lieu à un autre.	http://kaiko.getalp.org/dbnary/fra/__ws_1_amener__verb__1
	II._A._3.UND-27	Mener progressivement	none	none	none	(Pronominal) Arriver.	http://kaiko.getalp.org/dbnary/fra/__ws_10_amener__verb__1
	II._A._3.UND-27	Mener progressivement	none	none	none	(Acadie) (Gaspésie) Mettre bas, en parlant des animaux.	http://kaiko.getalp.org/dbnary/fra/__ws_11_amener__verb__1
	II._A._3.UND-27	Mener progressivement	related	none	none	Conduire, transporter vers un autre endroit.	http://kaiko.getalp.org/dbnary/fra/__ws_2_amener__verb__1
	II._A._3.UND-27	Mener progressivement	related	none	related	(Figuré) Parvenir à faire adopter une opinion à quelqu’un.	http://kaiko.getalp.org/dbnary/fra/__ws_3_amener__verb__1
	II._A._3.UND-27	Mener progressivement	none	none	none	Tirer à soi.	http://kaiko.getalp.org/dbnary/fra/__ws_4_amener__verb__1
	II._A._3.UND-27	Mener progressivement	none	none	none	(Marine) Faire descendre.	http://kaiko.getalp.org/dbnary/fra/__ws_5_amener__verb__1
	II._A._3.UND-27	Mener progressivement	none	none	none	(Marine) (Par extension) Baisser son pavillon pour marquer qu’on se rend à l’ennemi.	http://kaiko.getalp.org/dbnary/fra/__ws_6_amener__verb__1
	II._A._3.UND-27	Mener progressivement	none	none	none	(Figuré) Introduire, faire adopter, mettre en usage.	http://kaiko.getalp.org/dbnary/fra/__ws_7_amener__verb__1
	II._A._3.UND-27	Mener progressivement	none	none	related	Passer d’une chose à une autre qui la suit immédiatement, ou qui en est la conséquence.	http://kaiko.getalp.org/dbnary/fra/__ws_8_amener__verb__1
	II._A._3.UND-27	Mener progressivement	none	none	none	(Pronominal) Venir.	http://kaiko.getalp.org/dbnary/fra/__ws_9_amener__verb__1
	II._A._3.UND-27	Mener progressivement	related	related	none	Mener d’un lieu à un autre.	http://kaiko.getalp.org/dbnary/fra/__ws_1_amener__verb__1
adroitement|adverb|							
https://www.cnrtl.fr/definition/2186							
http://kaiko.getalp.org/dbnary/fra/adroitement__adv__1							
	UND_1	D'une manière adroite, avec adresse.	exact	exact	broader	D’une manière adroite ; avec adresse, dextérité ou souplesse de corps ou d’esprit.	http://kaiko.getalp.org/dbnary/fra/__ws_1_adroitement__adv__1