Headword|POS|Gender	TLFi sense Ids	TLFi senses	Semantic relation	Wiktionnaire senses	Wiktionnaire sense Ids	
gazon|noun|masculine						
https://www.cnrtl.fr/definition/37088						
http://kaiko.getalp.org/dbnary/fra/gazon__nom__1						
Def de “Motte de gazon”	A._2.UND-2	Motte de terre carrée couverte de gazon que l'on découpe à la pelle, soit pour faire des pelouses artificielles, soit pour construire des cabanes, des digues, des rives, etc.	related	(Par métonymie) Surface couverte de cette herbe.	http://kaiko.getalp.org/dbnary/fra/__ws_4_gazon__nom__1	
	A._2.UND-2	Motte de terre carrée couverte de gazon que l'on découpe à la pelle, soit pour faire des pelouses artificielles, soit pour construire des cabanes, des digues, des rives, etc.	related	(Jardinage) Herbe courte et fine, le plus souvent en parlant des graminées et spécialement un mélange de ray-grass anglais, de fétuques et d’agrostis.	http://kaiko.getalp.org/dbnary/fra/__ws_2_gazon__nom__1	
	A._2.UND-2	Motte de terre carrée couverte de gazon que l'on découpe à la pelle, soit pour faire des pelouses artificielles, soit pour construire des cabanes, des digues, des rives, etc.	none	(Familier) (Vieilli) Chevelure.	http://kaiko.getalp.org/dbnary/fra/__ws_6_gazon__nom__1	
	A._2.UND-2	Motte de terre carrée couverte de gazon que l'on découpe à la pelle, soit pour faire des pelouses artificielles, soit pour construire des cabanes, des digues, des rives, etc.	narrower	(Botanique) Végétation courte de plantes herbacées.	http://kaiko.getalp.org/dbnary/fra/__ws_1_gazon__nom__1	
	A._2.UND-2	Motte de terre carrée couverte de gazon que l'on découpe à la pelle, soit pour faire des pelouses artificielles, soit pour construire des cabanes, des digues, des rives, etc.	exact	(Jardinage) Motte ou plaque de terre couverte d’herbe que l’on découpe à la bêche ou avec une machine et qui sert à recouvrir une surface dépourvue de végétation.	http://kaiko.getalp.org/dbnary/fra/__ws_5_gazon__nom__1	
	A._2.UND-2	Motte de terre carrée couverte de gazon que l'on découpe à la pelle, soit pour faire des pelouses artificielles, soit pour construire des cabanes, des digues, des rives, etc.	none	(Spécialement) (Histoire) Épaisseur de la végétation, feuilles et racines, qui pouvait être soumis à l’essartage.	http://kaiko.getalp.org/dbnary/fra/__ws_3_gazon__nom__1	sous-def, pourquoi elle apparait ici ?
	A._UND-4	Cheveux.	none	(Par métonymie) Surface couverte de cette herbe.	http://kaiko.getalp.org/dbnary/fra/__ws_4_gazon__nom__1	
	A._UND-4	Cheveux.	none	(Jardinage) Herbe courte et fine, le plus souvent en parlant des graminées et spécialement un mélange de ray-grass anglais, de fétuques et d’agrostis.	http://kaiko.getalp.org/dbnary/fra/__ws_2_gazon__nom__1	
	A._UND-4	Cheveux.	exact	(Familier) (Vieilli) Chevelure.	http://kaiko.getalp.org/dbnary/fra/__ws_6_gazon__nom__1	
	A._UND-4	Cheveux.	none	(Botanique) Végétation courte de plantes herbacées.	http://kaiko.getalp.org/dbnary/fra/__ws_1_gazon__nom__1	
	A._UND-4	Cheveux.	none	(Jardinage) Motte ou plaque de terre couverte d’herbe que l’on découpe à la bêche ou avec une machine et qui sert à recouvrir une surface dépourvue de végétation.	http://kaiko.getalp.org/dbnary/fra/__ws_5_gazon__nom__1	
	A._UND-4	Cheveux.	none	(Spécialement) (Histoire) Épaisseur de la végétation, feuilles et racines, qui pouvait être soumis à l’essartage.	http://kaiko.getalp.org/dbnary/fra/__ws_3_gazon__nom__1	
	UND-5	Herbe très courte et très fine.	related	(Par métonymie) Surface couverte de cette herbe.	http://kaiko.getalp.org/dbnary/fra/__ws_4_gazon__nom__1	
	UND-5	Herbe très courte et très fine.	exact	(Jardinage) Herbe courte et fine, le plus souvent en parlant des graminées et spécialement un mélange de ray-grass anglais, de fétuques et d’agrostis.	http://kaiko.getalp.org/dbnary/fra/__ws_2_gazon__nom__1	
	UND-5	Herbe très courte et très fine.	none	(Familier) (Vieilli) Chevelure.	http://kaiko.getalp.org/dbnary/fra/__ws_6_gazon__nom__1	
	UND-5	Herbe très courte et très fine.	narrower	(Botanique) Végétation courte de plantes herbacées.	http://kaiko.getalp.org/dbnary/fra/__ws_1_gazon__nom__1	
	UND-5	Herbe très courte et très fine.	related	(Jardinage) Motte ou plaque de terre couverte d’herbe que l’on découpe à la bêche ou avec une machine et qui sert à recouvrir une surface dépourvue de végétation.	http://kaiko.getalp.org/dbnary/fra/__ws_5_gazon__nom__1	
	UND-5	Herbe très courte et très fine.	related	(Spécialement) (Histoire) Épaisseur de la végétation, feuilles et racines, qui pouvait être soumis à l’essartage.	http://kaiko.getalp.org/dbnary/fra/__ws_3_gazon__nom__1	
	UND-6	Surface couverte d'herbe courte et fine.	exact	(Par métonymie) Surface couverte de cette herbe.	http://kaiko.getalp.org/dbnary/fra/__ws_4_gazon__nom__1	
	UND-6	Surface couverte d'herbe courte et fine.	related	(Jardinage) Herbe courte et fine, le plus souvent en parlant des graminées et spécialement un mélange de ray-grass anglais, de fétuques et d’agrostis.	http://kaiko.getalp.org/dbnary/fra/__ws_2_gazon__nom__1	
	UND-6	Surface couverte d'herbe courte et fine.	none	(Familier) (Vieilli) Chevelure.	http://kaiko.getalp.org/dbnary/fra/__ws_6_gazon__nom__1	
	UND-6	Surface couverte d'herbe courte et fine.	related	(Botanique) Végétation courte de plantes herbacées.	http://kaiko.getalp.org/dbnary/fra/__ws_1_gazon__nom__1	
	UND-6	Surface couverte d'herbe courte et fine.	related	(Jardinage) Motte ou plaque de terre couverte d’herbe que l’on découpe à la bêche ou avec une machine et qui sert à recouvrir une surface dépourvue de végétation.	http://kaiko.getalp.org/dbnary/fra/__ws_5_gazon__nom__1	
	UND-6	Surface couverte d'herbe courte et fine.	none	(Spécialement) (Histoire) Épaisseur de la végétation, feuilles et racines, qui pouvait être soumis à l’essartage.	http://kaiko.getalp.org/dbnary/fra/__ws_3_gazon__nom__1	
favoriser|verb|						
https://www.cnrtl.fr/definition/33751						
http://kaiko.getalp.org/dbnary/fra/favoriser__verb__1						
	A._UND-2	Donner plus qu'à un autre	narrower	Traiter avec les signes d’une préférence ou d'une bienveillance marquée.	http://kaiko.getalp.org/dbnary/fra/__ws_1_favoriser__verb__1	
	A._UND-2	Donner plus qu'à un autre	narrower	Gratifier quelqu’un d’un avantage ou de quelque chose agréable, conforme à ses souhaits, à ses désirs.	http://kaiko.getalp.org/dbnary/fra/__ws_2_favoriser__verb__1	
	A._UND-2	Donner plus qu'à un autre	none	(Par extension) (Courant) Aider ; contribuer à.	http://kaiko.getalp.org/dbnary/fra/__ws_3_favoriser__verb__1	
	A._UND-2	Donner plus qu'à un autre	narrower	(Par extension) Gratifier.	http://kaiko.getalp.org/dbnary/fra/__ws_4_favoriser__verb__1	
	B._1.UND-6	Gratifier (quelqu'un) de (quelque chose).	none	Traiter avec les signes d’une préférence ou d'une bienveillance marquée.	http://kaiko.getalp.org/dbnary/fra/__ws_1_favoriser__verb__1	
	B._1.UND-6	Gratifier (quelqu'un) de (quelque chose).	exact	Gratifier quelqu’un d’un avantage ou de quelque chose agréable, conforme à ses souhaits, à ses désirs.	http://kaiko.getalp.org/dbnary/fra/__ws_2_favoriser__verb__1	
	B._1.UND-6	Gratifier (quelqu'un) de (quelque chose).	none	(Par extension) (Courant) Aider ; contribuer à.	http://kaiko.getalp.org/dbnary/fra/__ws_3_favoriser__verb__1	
	B._1.UND-6	Gratifier (quelqu'un) de (quelque chose).	exact	(Par extension) Gratifier.	http://kaiko.getalp.org/dbnary/fra/__ws_4_favoriser__verb__1	
	B._1.b)UND-7	Donner ses faveurs (à quelqu'un), lui manifester son amour par des marques déterminées.	related	Traiter avec les signes d’une préférence ou d'une bienveillance marquée.	http://kaiko.getalp.org/dbnary/fra/__ws_1_favoriser__verb__1	
	B._1.b)UND-7	Donner ses faveurs (à quelqu'un), lui manifester son amour par des marques déterminées.	none	Gratifier quelqu’un d’un avantage ou de quelque chose agréable, conforme à ses souhaits, à ses désirs.	http://kaiko.getalp.org/dbnary/fra/__ws_2_favoriser__verb__1	
	B._1.b)UND-7	Donner ses faveurs (à quelqu'un), lui manifester son amour par des marques déterminées.	none	(Par extension) (Courant) Aider ; contribuer à.	http://kaiko.getalp.org/dbnary/fra/__ws_3_favoriser__verb__1	
	B._1.b)UND-7	Donner ses faveurs (à quelqu'un), lui manifester son amour par des marques déterminées.	none	(Par extension) Gratifier.	http://kaiko.getalp.org/dbnary/fra/__ws_4_favoriser__verb__1	
	B._2.UND-12	Soutenir, rendre possible (une action, un comportement).	none	Traiter avec les signes d’une préférence ou d'une bienveillance marquée.	http://kaiko.getalp.org/dbnary/fra/__ws_1_favoriser__verb__1	
	B._2.UND-12	Soutenir, rendre possible (une action, un comportement).	none	Gratifier quelqu’un d’un avantage ou de quelque chose agréable, conforme à ses souhaits, à ses désirs.	http://kaiko.getalp.org/dbnary/fra/__ws_2_favoriser__verb__1	
	B._2.UND-12	Soutenir, rendre possible (une action, un comportement).	exact	(Par extension) (Courant) Aider ; contribuer à.	http://kaiko.getalp.org/dbnary/fra/__ws_3_favoriser__verb__1	
	B._2.UND-12	Soutenir, rendre possible (une action, un comportement).	none	(Par extension) Gratifier.	http://kaiko.getalp.org/dbnary/fra/__ws_4_favoriser__verb__1	
	B._2.UND-15	Apporter son aide, être favorable à.	none	Traiter avec les signes d’une préférence ou d'une bienveillance marquée.	http://kaiko.getalp.org/dbnary/fra/__ws_1_favoriser__verb__1	
	B._2.UND-15	Apporter son aide, être favorable à.	none	Gratifier quelqu’un d’un avantage ou de quelque chose agréable, conforme à ses souhaits, à ses désirs.	http://kaiko.getalp.org/dbnary/fra/__ws_2_favoriser__verb__1	
	B._2.UND-15	Apporter son aide, être favorable à.	exact	(Par extension) (Courant) Aider ; contribuer à.	http://kaiko.getalp.org/dbnary/fra/__ws_3_favoriser__verb__1	
	B._2.UND-15	Apporter son aide, être favorable à.	none	(Par extension) Gratifier.	http://kaiko.getalp.org/dbnary/fra/__ws_4_favoriser__verb__1	
	B._2.b)UND-14	Être favorable, faciliter l'action de quelqu'un, le déroulement des événements.	none	Traiter avec les signes d’une préférence ou d'une bienveillance marquée.	http://kaiko.getalp.org/dbnary/fra/__ws_1_favoriser__verb__1	
	B._2.b)UND-14	Être favorable, faciliter l'action de quelqu'un, le déroulement des événements.	none	Gratifier quelqu’un d’un avantage ou de quelque chose agréable, conforme à ses souhaits, à ses désirs.	http://kaiko.getalp.org/dbnary/fra/__ws_2_favoriser__verb__1	
	B._2.b)UND-14	Être favorable, faciliter l'action de quelqu'un, le déroulement des événements.	exact	(Par extension) (Courant) Aider ; contribuer à.	http://kaiko.getalp.org/dbnary/fra/__ws_3_favoriser__verb__1	
	B._2.b)UND-14	Être favorable, faciliter l'action de quelqu'un, le déroulement des événements.	none	(Par extension) Gratifier.	http://kaiko.getalp.org/dbnary/fra/__ws_4_favoriser__verb__1	
	UND-3	Traiter (quelqu'un) avec une bienveillance particulière.	exact	Traiter avec les signes d’une préférence ou d'une bienveillance marquée.	http://kaiko.getalp.org/dbnary/fra/__ws_1_favoriser__verb__1	
	UND-3	Traiter (quelqu'un) avec une bienveillance particulière.	broader	Gratifier quelqu’un d’un avantage ou de quelque chose agréable, conforme à ses souhaits, à ses désirs.	http://kaiko.getalp.org/dbnary/fra/__ws_2_favoriser__verb__1	
	UND-3	Traiter (quelqu'un) avec une bienveillance particulière.	none	(Par extension) (Courant) Aider ; contribuer à.	http://kaiko.getalp.org/dbnary/fra/__ws_3_favoriser__verb__1	
	UND-3	Traiter (quelqu'un) avec une bienveillance particulière.	broader	(Par extension) Gratifier.	http://kaiko.getalp.org/dbnary/fra/__ws_4_favoriser__verb__1	
ajourner|verb|						
https://www.cnrtl.fr/definition/4293						
http://kaiko.getalp.org/dbnary/fra/ajourner__verb__1						
	I._A._UND-1	Assigner quelqu'un à comparaître à un jour fixé et en personne devant un juge, un tribunal	none	Remettre à un autre jour la poursuite d'une affaire.	http://kaiko.getalp.org/dbnary/fra/__ws_1_ajourner__verb__1	
	I._A._UND-1	Assigner quelqu'un à comparaître à un jour fixé et en personne devant un juge, un tribunal	none	Renvoyer, en matière de délibération, à un certain jour ou à un temps indéterminé.	http://kaiko.getalp.org/dbnary/fra/__ws_2_ajourner__verb__1	
	I._A._UND-1	Assigner quelqu'un à comparaître à un jour fixé et en personne devant un juge, un tribunal	exact	(Justice) Assigner quelqu’un à un certain jour en justice.	http://kaiko.getalp.org/dbnary/fra/__ws_3_ajourner__verb__1	
	I._B._1.UND-2	Remettre à une autre date (déterminée ou indéterminée) la poursuite d'une affaire judiciaire, une sentence, etc. :	none	Remettre à un autre jour la poursuite d'une affaire.	http://kaiko.getalp.org/dbnary/fra/__ws_1_ajourner__verb__1	
	I._B._1.UND-2	Remettre à une autre date (déterminée ou indéterminée) la poursuite d'une affaire judiciaire, une sentence, etc. :	narrower	Renvoyer, en matière de délibération, à un certain jour ou à un temps indéterminé.	http://kaiko.getalp.org/dbnary/fra/__ws_2_ajourner__verb__1	
	I._B._1.UND-2	Remettre à une autre date (déterminée ou indéterminée) la poursuite d'une affaire judiciaire, une sentence, etc. :	none	(Justice) Assigner quelqu’un à un certain jour en justice.	http://kaiko.getalp.org/dbnary/fra/__ws_3_ajourner__verb__1	
	I._B._1.UND-3	Ajourner qqn. Renvoyer à plus tard une sentence le concernant :	none	Remettre à un autre jour la poursuite d'une affaire.	http://kaiko.getalp.org/dbnary/fra/__ws_1_ajourner__verb__1	
	I._B._1.UND-3	Ajourner qqn. Renvoyer à plus tard une sentence le concernant :	broader	Renvoyer, en matière de délibération, à un certain jour ou à un temps indéterminé.	http://kaiko.getalp.org/dbnary/fra/__ws_2_ajourner__verb__1	
	I._B._1.UND-3	Ajourner qqn. Renvoyer à plus tard une sentence le concernant :	none	(Justice) Assigner quelqu’un à un certain jour en justice.	http://kaiko.getalp.org/dbnary/fra/__ws_3_ajourner__verb__1	
	I._B._UND-4	Remettre à une date ultérieure (déterminée ou indéterminée) une réunion	none	Remettre à un autre jour la poursuite d'une affaire.	http://kaiko.getalp.org/dbnary/fra/__ws_1_ajourner__verb__1	
	I._B._UND-4	Remettre à une date ultérieure (déterminée ou indéterminée) une réunion	none	Renvoyer, en matière de délibération, à un certain jour ou à un temps indéterminé.	http://kaiko.getalp.org/dbnary/fra/__ws_2_ajourner__verb__1	
	I._B._UND-4	Remettre à une date ultérieure (déterminée ou indéterminée) une réunion	none	(Justice) Assigner quelqu’un à un certain jour en justice.	http://kaiko.getalp.org/dbnary/fra/__ws_3_ajourner__verb__1	
	I._C._UND-6	Refuser un candidat à un examen et le renvoyer à une session ultérieure	none	Remettre à un autre jour la poursuite d'une affaire.	http://kaiko.getalp.org/dbnary/fra/__ws_1_ajourner__verb__1	
	I._C._UND-6	Refuser un candidat à un examen et le renvoyer à une session ultérieure	none	Renvoyer, en matière de délibération, à un certain jour ou à un temps indéterminé.	http://kaiko.getalp.org/dbnary/fra/__ws_2_ajourner__verb__1	
	I._C._UND-6	Refuser un candidat à un examen et le renvoyer à une session ultérieure	none	(Justice) Assigner quelqu’un à un certain jour en justice.	http://kaiko.getalp.org/dbnary/fra/__ws_3_ajourner__verb__1	
	I._D._1.UND-7	Fixer pour cette date une décision concernant une personne	none	Remettre à un autre jour la poursuite d'une affaire.	http://kaiko.getalp.org/dbnary/fra/__ws_1_ajourner__verb__1	
	I._D._1.UND-7	Fixer pour cette date une décision concernant une personne	none	Renvoyer, en matière de délibération, à un certain jour ou à un temps indéterminé.	http://kaiko.getalp.org/dbnary/fra/__ws_2_ajourner__verb__1	
	I._D._1.UND-7	Fixer pour cette date une décision concernant une personne	none	(Justice) Assigner quelqu’un à un certain jour en justice.	http://kaiko.getalp.org/dbnary/fra/__ws_3_ajourner__verb__1	
	I._D._2.UND-9	Remettre à plus tard l'examen d'un fait	none	Remettre à un autre jour la poursuite d'une affaire.	http://kaiko.getalp.org/dbnary/fra/__ws_1_ajourner__verb__1	
	I._D._2.UND-9	Remettre à plus tard l'examen d'un fait	exact	Renvoyer, en matière de délibération, à un certain jour ou à un temps indéterminé.	http://kaiko.getalp.org/dbnary/fra/__ws_2_ajourner__verb__1	
	I._D._2.UND-9	Remettre à plus tard l'examen d'un fait	none	(Justice) Assigner quelqu’un à un certain jour en justice.	http://kaiko.getalp.org/dbnary/fra/__ws_3_ajourner__verb__1	
	I._UND-11	Remettre à plus tard.	broader	Remettre à un autre jour la poursuite d'une affaire.	http://kaiko.getalp.org/dbnary/fra/__ws_1_ajourner__verb__1	
	I._UND-11	Remettre à plus tard.	broader	Renvoyer, en matière de délibération, à un certain jour ou à un temps indéterminé.	http://kaiko.getalp.org/dbnary/fra/__ws_2_ajourner__verb__1	
	I._UND-11	Remettre à plus tard.	none	(Justice) Assigner quelqu’un à un certain jour en justice.	http://kaiko.getalp.org/dbnary/fra/__ws_3_ajourner__verb__1	
	II._UND-13	Remettre à plus tard une décision	none	Remettre à un autre jour la poursuite d'une affaire.	http://kaiko.getalp.org/dbnary/fra/__ws_1_ajourner__verb__1	
	II._UND-13	Remettre à plus tard une décision	broader	Renvoyer, en matière de délibération, à un certain jour ou à un temps indéterminé.	http://kaiko.getalp.org/dbnary/fra/__ws_2_ajourner__verb__1	
	II._UND-13	Remettre à plus tard une décision	none	(Justice) Assigner quelqu’un à un certain jour en justice.	http://kaiko.getalp.org/dbnary/fra/__ws_3_ajourner__verb__1	
	III._1.UND-15	[Le suj. désigne une pers.]  Renvoyer à plus tard une décision la concernant elle-même	none	Remettre à un autre jour la poursuite d'une affaire.	http://kaiko.getalp.org/dbnary/fra/__ws_1_ajourner__verb__1	
	III._1.UND-15	[Le suj. désigne une pers.]  Renvoyer à plus tard une décision la concernant elle-même	narrower	Renvoyer, en matière de délibération, à un certain jour ou à un temps indéterminé.	http://kaiko.getalp.org/dbnary/fra/__ws_2_ajourner__verb__1	
	III._1.UND-15	[Le suj. désigne une pers.]  Renvoyer à plus tard une décision la concernant elle-même	none	(Justice) Assigner quelqu’un à un certain jour en justice.	http://kaiko.getalp.org/dbnary/fra/__ws_3_ajourner__verb__1	
augmenter|verb|						
https://www.cnrtl.fr/definition/10030						
http://kaiko.getalp.org/dbnary/fra/augmenter__verb__1						
	I._A._UND-1	En accroître l'étendue, l'importance.	narrower	Rendre une quantité plus grande.	http://kaiko.getalp.org/dbnary/fra/__ws_1_augmenter__verb__1	
	I._A._UND-1	En accroître l'étendue, l'importance.	none	Accroitre le salaire d’une personne.	http://kaiko.getalp.org/dbnary/fra/__ws_2_augmenter__verb__1	
	I._A._UND-1	En accroître l'étendue, l'importance.	none	(Intransitif) Devenir plus grand, plus important ou plus intense.	http://kaiko.getalp.org/dbnary/fra/__ws_3_augmenter__verb__1	
	I._A._UND-1	En accroître l'étendue, l'importance.	none	(Intransitif) Pour une marchandise, devenir plus chère.	http://kaiko.getalp.org/dbnary/fra/__ws_4_augmenter__verb__1	
	I._A._UND-1	En accroître l'étendue, l'importance.	none	(Pronominal) S’accroitre.	http://kaiko.getalp.org/dbnary/fra/__ws_5_augmenter__verb__1	
	I._B._UND-3	Rehausser quelqu'un, l'élever, le faire se développer et grandir	narrower	Rendre une quantité plus grande.	http://kaiko.getalp.org/dbnary/fra/__ws_1_augmenter__verb__1	
	I._B._UND-3	Rehausser quelqu'un, l'élever, le faire se développer et grandir	none	Accroitre le salaire d’une personne.	http://kaiko.getalp.org/dbnary/fra/__ws_2_augmenter__verb__1	
	I._B._UND-3	Rehausser quelqu'un, l'élever, le faire se développer et grandir	none	(Intransitif) Devenir plus grand, plus important ou plus intense.	http://kaiko.getalp.org/dbnary/fra/__ws_3_augmenter__verb__1	
	I._B._UND-3	Rehausser quelqu'un, l'élever, le faire se développer et grandir	none	(Intransitif) Pour une marchandise, devenir plus chère.	http://kaiko.getalp.org/dbnary/fra/__ws_4_augmenter__verb__1	
	I._B._UND-3	Rehausser quelqu'un, l'élever, le faire se développer et grandir	none	(Pronominal) S’accroitre.	http://kaiko.getalp.org/dbnary/fra/__ws_5_augmenter__verb__1	
	I._B._UND-4	Donner à quelqu'un un salaire, un traitement plus élevé	narrower	Rendre une quantité plus grande.	http://kaiko.getalp.org/dbnary/fra/__ws_1_augmenter__verb__1	
	I._B._UND-4	Donner à quelqu'un un salaire, un traitement plus élevé	exact	Accroitre le salaire d’une personne.	http://kaiko.getalp.org/dbnary/fra/__ws_2_augmenter__verb__1	
	I._B._UND-4	Donner à quelqu'un un salaire, un traitement plus élevé	none	(Intransitif) Devenir plus grand, plus important ou plus intense.	http://kaiko.getalp.org/dbnary/fra/__ws_3_augmenter__verb__1	
	I._B._UND-4	Donner à quelqu'un un salaire, un traitement plus élevé	none	(Intransitif) Pour une marchandise, devenir plus chère.	http://kaiko.getalp.org/dbnary/fra/__ws_4_augmenter__verb__1	
	I._B._UND-4	Donner à quelqu'un un salaire, un traitement plus élevé	none	(Pronominal) S’accroitre.	http://kaiko.getalp.org/dbnary/fra/__ws_5_augmenter__verb__1	
	I._UND-2	Rendre plus grand (en quantité, en durée, etc.), plus fort (en intensité), en ajoutant à ce qui existe quelque chose de même nature.	narrower	Rendre une quantité plus grande.	http://kaiko.getalp.org/dbnary/fra/__ws_1_augmenter__verb__1	
	I._UND-2	Rendre plus grand (en quantité, en durée, etc.), plus fort (en intensité), en ajoutant à ce qui existe quelque chose de même nature.	broader	Accroitre le salaire d’une personne.	http://kaiko.getalp.org/dbnary/fra/__ws_2_augmenter__verb__1	
	I._UND-2	Rendre plus grand (en quantité, en durée, etc.), plus fort (en intensité), en ajoutant à ce qui existe quelque chose de même nature.	none	(Intransitif) Devenir plus grand, plus important ou plus intense.	http://kaiko.getalp.org/dbnary/fra/__ws_3_augmenter__verb__1	
	I._UND-2	Rendre plus grand (en quantité, en durée, etc.), plus fort (en intensité), en ajoutant à ce qui existe quelque chose de même nature.	none	(Intransitif) Pour une marchandise, devenir plus chère.	http://kaiko.getalp.org/dbnary/fra/__ws_4_augmenter__verb__1	
	I._UND-2	Rendre plus grand (en quantité, en durée, etc.), plus fort (en intensité), en ajoutant à ce qui existe quelque chose de même nature.	none	(Pronominal) S’accroitre.	http://kaiko.getalp.org/dbnary/fra/__ws_5_augmenter__verb__1	
	II._A._2.UND-8	Devenir plus cher.	narrower	Rendre une quantité plus grande.	http://kaiko.getalp.org/dbnary/fra/__ws_1_augmenter__verb__1	
	II._A._2.UND-8	Devenir plus cher.	none	Accroitre le salaire d’une personne.	http://kaiko.getalp.org/dbnary/fra/__ws_2_augmenter__verb__1	
	II._A._2.UND-8	Devenir plus cher.	narrower	(Intransitif) Devenir plus grand, plus important ou plus intense.	http://kaiko.getalp.org/dbnary/fra/__ws_3_augmenter__verb__1	
	II._A._2.UND-8	Devenir plus cher.	broader	(Intransitif) Pour une marchandise, devenir plus chère.	http://kaiko.getalp.org/dbnary/fra/__ws_4_augmenter__verb__1	
	II._A._2.UND-8	Devenir plus cher.	none	(Pronominal) S’accroitre.	http://kaiko.getalp.org/dbnary/fra/__ws_5_augmenter__verb__1	
	II._A._2.UND-9	Devenir plus élevé :	narrower	Rendre une quantité plus grande.	http://kaiko.getalp.org/dbnary/fra/__ws_1_augmenter__verb__1	
	II._A._2.UND-9	Devenir plus élevé :	none	Accroitre le salaire d’une personne.	http://kaiko.getalp.org/dbnary/fra/__ws_2_augmenter__verb__1	
	II._A._2.UND-9	Devenir plus élevé :	narrower	(Intransitif) Devenir plus grand, plus important ou plus intense.	http://kaiko.getalp.org/dbnary/fra/__ws_3_augmenter__verb__1	
	II._A._2.UND-9	Devenir plus élevé :	broader	(Intransitif) Pour une marchandise, devenir plus chère.	http://kaiko.getalp.org/dbnary/fra/__ws_4_augmenter__verb__1	
	II._A._2.UND-9	Devenir plus élevé :	narrower	(Pronominal) S’accroitre.	http://kaiko.getalp.org/dbnary/fra/__ws_5_augmenter__verb__1	
	II._A._UND-7	Devenir plus grand en quantité, qualité, durée, intensité, volume.	narrower	Rendre une quantité plus grande.	http://kaiko.getalp.org/dbnary/fra/__ws_1_augmenter__verb__1	
	II._A._UND-7	Devenir plus grand en quantité, qualité, durée, intensité, volume.	none	Accroitre le salaire d’une personne.	http://kaiko.getalp.org/dbnary/fra/__ws_2_augmenter__verb__1	
	II._A._UND-7	Devenir plus grand en quantité, qualité, durée, intensité, volume.	exact	(Intransitif) Devenir plus grand, plus important ou plus intense.	http://kaiko.getalp.org/dbnary/fra/__ws_3_augmenter__verb__1	
	II._A._UND-7	Devenir plus grand en quantité, qualité, durée, intensité, volume.	broader	(Intransitif) Pour une marchandise, devenir plus chère.	http://kaiko.getalp.org/dbnary/fra/__ws_4_augmenter__verb__1	
	II._A._UND-7	Devenir plus grand en quantité, qualité, durée, intensité, volume.	broader	(Pronominal) S’accroitre.	http://kaiko.getalp.org/dbnary/fra/__ws_5_augmenter__verb__1	
	II._B._2.UND-11	Soumettre une surface plus grande de voile à l'action du vent	narrower	Rendre une quantité plus grande.	http://kaiko.getalp.org/dbnary/fra/__ws_1_augmenter__verb__1	
	II._B._2.UND-11	Soumettre une surface plus grande de voile à l'action du vent	none	Accroitre le salaire d’une personne.	http://kaiko.getalp.org/dbnary/fra/__ws_2_augmenter__verb__1	
	II._B._2.UND-11	Soumettre une surface plus grande de voile à l'action du vent	none	(Intransitif) Devenir plus grand, plus important ou plus intense.	http://kaiko.getalp.org/dbnary/fra/__ws_3_augmenter__verb__1	
	II._B._2.UND-11	Soumettre une surface plus grande de voile à l'action du vent	none	(Intransitif) Pour une marchandise, devenir plus chère.	http://kaiko.getalp.org/dbnary/fra/__ws_4_augmenter__verb__1	
	II._B._2.UND-11	Soumettre une surface plus grande de voile à l'action du vent	none	(Pronominal) S’accroitre.	http://kaiko.getalp.org/dbnary/fra/__ws_5_augmenter__verb__1	
tracasser|verb|						
https://www.cnrtl.fr/definition/86191						
http://kaiko.getalp.org/dbnary/fra/tracasser__verb__1						
	A._UND-1	Se démener inutilement, s'agiter vainement.	exact	(Intransitif) (Vieilli) Aller et venir, s’agiter, se tourmenter pour peu de chose.	http://kaiko.getalp.org/dbnary/fra/__ws_1_tracasser__verb__1	
	A._UND-1	Se démener inutilement, s'agiter vainement.	none	(Transitif) ou (Pronominal) (Familier) Inquiéter ou tourmenter quelqu’un.	http://kaiko.getalp.org/dbnary/fra/__ws_2_tracasser__verb__1	
	A._UND-2	S'ingénier à provoquer des difficultés, à susciter des soucis.	none	(Intransitif) (Vieilli) Aller et venir, s’agiter, se tourmenter pour peu de chose.	http://kaiko.getalp.org/dbnary/fra/__ws_1_tracasser__verb__1	
	A._UND-2	S'ingénier à provoquer des difficultés, à susciter des soucis.	broader	(Transitif) ou (Pronominal) (Familier) Inquiéter ou tourmenter quelqu’un.	http://kaiko.getalp.org/dbnary/fra/__ws_2_tracasser__verb__1	
	B._1.UND-4	Donner du souci à quelqu'un, lui causer des difficultés.	none	(Intransitif) (Vieilli) Aller et venir, s’agiter, se tourmenter pour peu de chose.	http://kaiko.getalp.org/dbnary/fra/__ws_1_tracasser__verb__1	
	B._1.UND-4	Donner du souci à quelqu'un, lui causer des difficultés.	exact	(Transitif) ou (Pronominal) (Familier) Inquiéter ou tourmenter quelqu’un.	http://kaiko.getalp.org/dbnary/fra/__ws_2_tracasser__verb__1	
	B._1.UND-5	Être sollicité, tiraillé par des désirs impérieux.	none	(Intransitif) (Vieilli) Aller et venir, s’agiter, se tourmenter pour peu de chose.	http://kaiko.getalp.org/dbnary/fra/__ws_1_tracasser__verb__1	
	B._1.UND-5	Être sollicité, tiraillé par des désirs impérieux.	none	(Transitif) ou (Pronominal) (Familier) Inquiéter ou tourmenter quelqu’un.	http://kaiko.getalp.org/dbnary/fra/__ws_2_tracasser__verb__1	
	B._UND-6	Ne pas cesser de remuer, d'agiter, de solliciter quelque chose.	none	(Intransitif) (Vieilli) Aller et venir, s’agiter, se tourmenter pour peu de chose.	http://kaiko.getalp.org/dbnary/fra/__ws_1_tracasser__verb__1	
	B._UND-6	Ne pas cesser de remuer, d'agiter, de solliciter quelque chose.	none	(Transitif) ou (Pronominal) (Familier) Inquiéter ou tourmenter quelqu’un.	http://kaiko.getalp.org/dbnary/fra/__ws_2_tracasser__verb__1	
quota|noun|masculine						
https://www.cnrtl.fr/definition/70686						
http://kaiko.getalp.org/dbnary/fra/quota__nom__1						
	A._UND-1	Limitation du nombre d'immigrants (souvent en fonction de la nationalité ou de la qualification professionnelle).	narrower	Quantité limitée ou réglementaire.	http://kaiko.getalp.org/dbnary/fra/__ws_1_quota__nom__1	
	A._UND-2	Limitation en volume ou en valeur, à l'importation, de biens et de services, imposée par un gouvernement.	narrower	Quantité limitée ou réglementaire.	http://kaiko.getalp.org/dbnary/fra/__ws_1_quota__nom__1	
	A._UND-3	Chiffre d'affaires minimum qui doit être réalisé par un revendeur, un représentant, un service, pendant un certain temps, dans un secteur donné	narrower	Quantité limitée ou réglementaire.	http://kaiko.getalp.org/dbnary/fra/__ws_1_quota__nom__1	
	UND-4	Contingent, pourcentage déterminé, imposé ou autorisé.	narrower	Quantité limitée ou réglementaire.	http://kaiko.getalp.org/dbnary/fra/__ws_1_quota__nom__1	
	UND-5	Dans un sondage, adéquation entre le pourcentage de chaque catégorie de la population réelle (actifs, non-actifs, jeunes, vieux, professions diverses, etc.) et celui de l'échantillon (s'oppose à où les sujets sont choisis au hasard) (	none	Quantité limitée ou réglementaire.	http://kaiko.getalp.org/dbnary/fra/__ws_1_quota__nom__1	
céramique|noun|feminine						
https://www.cnrtl.fr/definition/17322						
http://kaiko.getalp.org/dbnary/fra/céramique__nom__1						
	B._UND-2	Fabrication de prothèses en porcelaine.	none	(Céramique) Matériau composé de substances inorganiques et non métalliques, et obtenu par frittage puis refroidissement.	http://kaiko.getalp.org/dbnary/fra/__ws_3_céramique__nom__1	
	B._UND-2	Fabrication de prothèses en porcelaine.	narrower	(Par extension) Art de peindre la porcelaine, de cloisonner les émaux et même de fabriquer le verre.	http://kaiko.getalp.org/dbnary/fra/__ws_2_céramique__nom__1	
	B._UND-2	Fabrication de prothèses en porcelaine.	narrower	(Céramique) L’art de la fabrication d’objets en terre cuite.	http://kaiko.getalp.org/dbnary/fra/__ws_1_céramique__nom__1	
	B._UND-3	La matière obtenue après cuisson	broader	(Céramique) Matériau composé de substances inorganiques et non métalliques, et obtenu par frittage puis refroidissement.	http://kaiko.getalp.org/dbnary/fra/__ws_3_céramique__nom__1	
	B._UND-3	La matière obtenue après cuisson	none	(Par extension) Art de peindre la porcelaine, de cloisonner les émaux et même de fabriquer le verre.	http://kaiko.getalp.org/dbnary/fra/__ws_2_céramique__nom__1	
	B._UND-3	La matière obtenue après cuisson	none	(Céramique) L’art de la fabrication d’objets en terre cuite.	http://kaiko.getalp.org/dbnary/fra/__ws_1_céramique__nom__1	
	B._UND-4	Vase, objet produit par la technique de fabrication.	none	(Céramique) Matériau composé de substances inorganiques et non métalliques, et obtenu par frittage puis refroidissement.	http://kaiko.getalp.org/dbnary/fra/__ws_3_céramique__nom__1	
	B._UND-4	Vase, objet produit par la technique de fabrication.	none	(Par extension) Art de peindre la porcelaine, de cloisonner les émaux et même de fabriquer le verre.	http://kaiko.getalp.org/dbnary/fra/__ws_2_céramique__nom__1	
	B._UND-4	Vase, objet produit par la technique de fabrication.	none	(Céramique) L’art de la fabrication d’objets en terre cuite.	http://kaiko.getalp.org/dbnary/fra/__ws_1_céramique__nom__1	
	UND-6	Art de fabriquer, technique de fabrication des objets à partir de l'argile.	none	(Céramique) Matériau composé de substances inorganiques et non métalliques, et obtenu par frittage puis refroidissement.	http://kaiko.getalp.org/dbnary/fra/__ws_3_céramique__nom__1	
	UND-6	Art de fabriquer, technique de fabrication des objets à partir de l'argile.	narrower	(Par extension) Art de peindre la porcelaine, de cloisonner les émaux et même de fabriquer le verre.	http://kaiko.getalp.org/dbnary/fra/__ws_2_céramique__nom__1	
	UND-6	Art de fabriquer, technique de fabrication des objets à partir de l'argile.	exact	(Céramique) L’art de la fabrication d’objets en terre cuite.	http://kaiko.getalp.org/dbnary/fra/__ws_1_céramique__nom__1	
bureaucratie|noun|feminine						
https://www.cnrtl.fr/definition/14947						
http://kaiko.getalp.org/dbnary/fra/bureaucratie__nom__1						
	A._UND-2	Administration toute puissante	exact	(En particulier) (Politique) (Péjoratif) Caste administrative politique qui accapare le pouvoir et les richesses.	http://kaiko.getalp.org/dbnary/fra/__ws_2_bureaucratie__nom__1	
	A._UND-2	Administration toute puissante	none	(Par métonymie) Administration, condition, occupation d’employé de bureau.	http://kaiko.getalp.org/dbnary/fra/__ws_4_bureaucratie__nom__1	
	A._UND-2	Administration toute puissante	related	Autorité, pouvoir diffus qui se caractérise par des règles procédurières strictes, la division des responsabilités, une forte hiérarchie et des relations impersonnelles.	http://kaiko.getalp.org/dbnary/fra/__ws_1_bureaucratie__nom__1	
	A._UND-2	Administration toute puissante	none	(Par extension) Paperasserie.	http://kaiko.getalp.org/dbnary/fra/__ws_3_bureaucratie__nom__1	
	B._UND-4	Vie, condition, occupation d'employé de bureau	none	(En particulier) (Politique) (Péjoratif) Caste administrative politique qui accapare le pouvoir et les richesses.	http://kaiko.getalp.org/dbnary/fra/__ws_2_bureaucratie__nom__1	
	B._UND-4	Vie, condition, occupation d'employé de bureau	exact	(Par métonymie) Administration, condition, occupation d’employé de bureau.	http://kaiko.getalp.org/dbnary/fra/__ws_4_bureaucratie__nom__1	
	B._UND-4	Vie, condition, occupation d'employé de bureau	none	Autorité, pouvoir diffus qui se caractérise par des règles procédurières strictes, la division des responsabilités, une forte hiérarchie et des relations impersonnelles.	http://kaiko.getalp.org/dbnary/fra/__ws_1_bureaucratie__nom__1	
	B._UND-4	Vie, condition, occupation d'employé de bureau	none	(Par extension) Paperasserie.	http://kaiko.getalp.org/dbnary/fra/__ws_3_bureaucratie__nom__1	
	UND-3	Puissance excessive, pesante et routinière, de l'administration	none	(En particulier) (Politique) (Péjoratif) Caste administrative politique qui accapare le pouvoir et les richesses.	http://kaiko.getalp.org/dbnary/fra/__ws_2_bureaucratie__nom__1	
	UND-3	Puissance excessive, pesante et routinière, de l'administration	none	(Par métonymie) Administration, condition, occupation d’employé de bureau.	http://kaiko.getalp.org/dbnary/fra/__ws_4_bureaucratie__nom__1	
	UND-3	Puissance excessive, pesante et routinière, de l'administration	narrower	Autorité, pouvoir diffus qui se caractérise par des règles procédurières strictes, la division des responsabilités, une forte hiérarchie et des relations impersonnelles.	http://kaiko.getalp.org/dbnary/fra/__ws_1_bureaucratie__nom__1	
	UND-3	Puissance excessive, pesante et routinière, de l'administration	none	(Par extension) Paperasserie.	http://kaiko.getalp.org/dbnary/fra/__ws_3_bureaucratie__nom__1	
lynx|noun|masculine						
https://www.cnrtl.fr/definition/49747						
http://kaiko.getalp.org/dbnary/fra/lynx__nom__1						
	UND-1	Félin, haut sur pattes, de la taille d'un gros chat, au pelage roux, aux oreilles pointues garnies de poils raides, auquel on attribue une vue perçante.	none	(Entomologie) Synonyme de phalène ocellée (papillon), (Cosmorhoe ocellata).	http://kaiko.getalp.org/dbnary/fra/__ws_3_lynx__nom__1	
	UND-1	Félin, haut sur pattes, de la taille d'un gros chat, au pelage roux, aux oreilles pointues garnies de poils raides, auquel on attribue une vue perçante.	exact	(Zoologie) Une des espèces de félins sauvages ressemblant à un gros chat, dont la face est ornée de favoris et d’oreilles triangulaires surmontées d’une touffe de poil, et le corps doté d’une courte queue et de longues pattes.	http://kaiko.getalp.org/dbnary/fra/__ws_1_lynx__nom__1	
	UND-1	Félin, haut sur pattes, de la taille d'un gros chat, au pelage roux, aux oreilles pointues garnies de poils raides, auquel on attribue une vue perçante.	exact	Félin ressemblant aux espèces du genre Lynx.	http://kaiko.getalp.org/dbnary/fra/__ws_2_lynx__nom__1	
	UND-3	Fourrure du lynx.	none	(Entomologie) Synonyme de phalène ocellée (papillon), (Cosmorhoe ocellata).	http://kaiko.getalp.org/dbnary/fra/__ws_3_lynx__nom__1	
	UND-3	Fourrure du lynx.	none	(Zoologie) Une des espèces de félins sauvages ressemblant à un gros chat, dont la face est ornée de favoris et d’oreilles triangulaires surmontées d’une touffe de poil, et le corps doté d’une courte queue et de longues pattes.	http://kaiko.getalp.org/dbnary/fra/__ws_1_lynx__nom__1	
	UND-3	Fourrure du lynx.	none	Félin ressemblant aux espèces du genre Lynx.	http://kaiko.getalp.org/dbnary/fra/__ws_2_lynx__nom__1	
	UND-5	S'emploie pour désigner une pers. qui a une très bonne vue, une extrême perspicacité	none	(Entomologie) Synonyme de phalène ocellée (papillon), (Cosmorhoe ocellata).	http://kaiko.getalp.org/dbnary/fra/__ws_3_lynx__nom__1	
	UND-5	S'emploie pour désigner une pers. qui a une très bonne vue, une extrême perspicacité	none	(Zoologie) Une des espèces de félins sauvages ressemblant à un gros chat, dont la face est ornée de favoris et d’oreilles triangulaires surmontées d’une touffe de poil, et le corps doté d’une courte queue et de longues pattes.	http://kaiko.getalp.org/dbnary/fra/__ws_1_lynx__nom__1	
	UND-5	S'emploie pour désigner une pers. qui a une très bonne vue, une extrême perspicacité	none	Félin ressemblant aux espèces du genre Lynx.	http://kaiko.getalp.org/dbnary/fra/__ws_2_lynx__nom__1	
rouble|noun|masculine						
https://www.cnrtl.fr/definition/75466						
http://kaiko.getalp.org/dbnary/fra/rouble__nom__1						
	UND_1	Unité monétaire de la Russie tsariste puis de l'U.R.S.S. divisée en cent kopecks.	narrower	Monnaie utilisée en Russie, en Biélorussie, etc.	http://kaiko.getalp.org/dbnary/fra/__ws_1_rouble__nom__1	
immoralité|noun|feminine						
https://www.cnrtl.fr/definition/43047						
http://kaiko.getalp.org/dbnary/fra/immoralité__nom__1						
	UND-1	Conduite ou comportement immoral (d'une personne).	narrower	Caractère de celui ou de ce qui est immoral.	http://kaiko.getalp.org/dbnary/fra/__ws_1_immoralité__nom__1	
	UND-2	Caractère immoral (d'une action, d'une parole, d'une chose et d'une production littéraire ou artistique).	narrower	Caractère de celui ou de ce qui est immoral.	http://kaiko.getalp.org/dbnary/fra/__ws_1_immoralité__nom__1	
perversité|noun|feminine						
https://www.cnrtl.fr/definition/62998						
http://kaiko.getalp.org/dbnary/fra/perversité__nom__1						
	UND-1	Caractère d'une personne encline au mal, qui fait, qui aime à faire le mal.	exact	Caractère de celui qui est pervers, qui a de la complaisance pour la dépravation.	http://kaiko.getalp.org/dbnary/fra/__ws_1_perversité__nom__1	
	UND-1	Caractère d'une personne encline au mal, qui fait, qui aime à faire le mal.	narrower	Nature de ce qui est pervers.	http://kaiko.getalp.org/dbnary/fra/__ws_2_perversité__nom__1	
	UND-2	Anormalité de la conduite générale et spécialement des comportements à l'égard d'autrui et de la Société conduisant à des actes asociaux et inhumains accomplis avec indifférence affective à l'égard de la souffrance d'autrui, absence complète de culpabilité et satisfaction personnelle	related	Caractère de celui qui est pervers, qui a de la complaisance pour la dépravation.	http://kaiko.getalp.org/dbnary/fra/__ws_1_perversité__nom__1	
	UND-2	Anormalité de la conduite générale et spécialement des comportements à l'égard d'autrui et de la Société conduisant à des actes asociaux et inhumains accomplis avec indifférence affective à l'égard de la souffrance d'autrui, absence complète de culpabilité et satisfaction personnelle	related	Nature de ce qui est pervers.	http://kaiko.getalp.org/dbnary/fra/__ws_2_perversité__nom__1	
gravement|adverb|						
https://www.cnrtl.fr/definition/39011 						
http://kaiko.getalp.org/dbnary/fra/gravement__adv__1						
	UND-1	Sur un timbre grave.	none	Avec gravité ; d’une manière composée.		
	UND-1	Sur un timbre grave.	exact	(Musique) Il indique un mouvement lent, mais moins lent que le mouvement indiqué par lentement. On dit et on écrit plus ordinairement grave en italien.		
	UND-1	Sur un timbre grave.	none	Dangereusement, d’une manière à entraîner de fâcheuses conséquences.		
	UND-2	Avec gravité (dans le ton, le maintien, les manières).	exact	Avec gravité ; d’une manière composée.		
	UND-2	Avec gravité (dans le ton, le maintien, les manières).	none	(Musique) Il indique un mouvement lent, mais moins lent que le mouvement indiqué par lentement. On dit et on écrit plus ordinairement grave en italien.		
	UND-2	Avec gravité (dans le ton, le maintien, les manières).	none	Dangereusement, d’une manière à entraîner de fâcheuses conséquences.		
	UND-3	D'une manière importante, considérable et parfois dangereuse.	none	Avec gravité ; d’une manière composée.		
	UND-3	D'une manière importante, considérable et parfois dangereuse.	none	(Musique) Il indique un mouvement lent, mais moins lent que le mouvement indiqué par lentement. On dit et on écrit plus ordinairement grave en italien.		
	UND-3	D'une manière importante, considérable et parfois dangereuse.	exact	Dangereusement, d’une manière à entraîner de fâcheuses conséquences.		